nome_norm,uf,lat,lon,nome
alta floresta d'oeste,RO,-12.6417,-62.4235,Alta Floresta D'oeste
ariquemes,RO,-9.9046,-62.9628,Ariquemes
cabixi,RO,-13.5287,-60.6783,Cabixi
cacoal,RO,-11.4172,-61.4353,Cacoal
cerejeiras,RO,-13.1949,-61.3525,Cerejeiras
colorado do oeste,RO,-13.082,-60.5528,Colorado Do Oeste
corumbiara,RO,-12.887,-61.0464,Corumbiara
costa marques,RO,-12.1508,-64.0795,Costa Marques
espigao d'oeste,RO,-11.3986,-60.7058,Espigão D'oeste
guajara-mirim,RO,-11.3847,-64.5494,Guajará-Mirim
jaru,RO,-10.643,-62.6999,Jaru
ji-parana,RO,-10.3912,-61.744,Ji-Paraná
machadinho d'oeste,RO,-9.2162,-62.0609,Machadinho D'oeste
nova brasilandia d'oeste,RO,-11.6031,-62.2406,Nova Brasilândia D'oeste
ouro preto do oeste,RO,-10.4676,-62.0592,Ouro Preto Do Oeste
pimenta bueno,RO,-11.7778,-60.813,Pimenta Bueno
porto velho,RO,-9.1885,-64.4012,Porto Velho
presidente medici,RO,-11.1853,-61.9543,Presidente Médici
rio crespo,RO,-9.6709,-62.7588,Rio Crespo
rolim de moura,RO,-11.7273,-61.7981,Rolim De Moura
santa luzia d'oeste,RO,-12.079,-61.7425,Santa Luzia D'oeste
vilhena,RO,-11.9267,-60.2658,Vilhena
sao miguel do guapore,RO,-11.5434,-63.1109,São Miguel Do Guaporé
nova mamore,RO,-10.5039,-64.5649,Nova Mamoré
alvorada d'oeste,RO,-11.2702,-62.5961,Alvorada D'oeste
alto alegre dos parecis,RO,-12.7672,-62.0222,Alto Alegre Dos Parecis
alto paraiso,RO,-9.6296,-63.5679,Alto Paraíso
buritis,RO,-10.0705,-63.9694,Buritis
novo horizonte do oeste,RO,-11.7013,-62.063,Novo Horizonte Do Oeste
cacaulandia,RO,-10.3125,-63.1149,Cacaulândia
campo novo de rondonia,RO,-10.462,-63.804,Campo Novo De Rondônia
candeias do jamari,RO,-8.9285,-63.3945,Candeias Do Jamari
castanheiras,RO,-11.4297,-61.9001,Castanheiras
chupinguaia,RO,-12.6526,-60.892,Chupinguaia
cujubim,RO,-8.9929,-62.5137,Cujubim
governador jorge teixeira,RO,-10.8087,-63.2022,Governador Jorge Teixeira
itapua do oeste,RO,-9.0447,-63.1565,Itapuã Do Oeste
ministro andreazza,RO,-11.1588,-61.5818,Ministro Andreazza
mirante da serra,RO,-11.0981,-62.8692,Mirante Da Serra
monte negro,RO,-10.2889,-63.3687,Monte Negro
nova uniao,RO,-10.8898,-62.4981,Nova União
parecis,RO,-12.2271,-61.3413,Parecis
pimenteiras do oeste,RO,-13.2209,-61.5165,Pimenteiras Do Oeste
primavera de rondonia,RO,-11.8852,-61.3215,Primavera De Rondônia
sao felipe d'oeste,RO,-11.8893,-61.4647,São Felipe D'oeste
sao francisco do guapore,RO,-12.4229,-63.1732,São Francisco Do Guaporé
seringueiras,RO,-11.8368,-63.2505,Seringueiras
teixeiropolis,RO,-10.9679,-62.2509,Teixeirópolis
theobroma,RO,-10.0633,-62.2591,Theobroma
urupa,RO,-11.0843,-62.391,Urupá
vale do anari,RO,-9.687,-61.902,Vale Do Anari
vale do paraiso,RO,-10.272,-62.0782,Vale Do Paraíso
acrelandia,AC,-10.0299,-66.9283,Acrelândia
assis brasil,AC,-10.7314,-69.9158,Assis Brasil
brasileia,AC,-10.8189,-69.1519,Brasiléia
bujari,AC,-9.6424,-68.1079,Bujari
capixaba,AC,-10.4429,-67.8094,Capixaba
cruzeiro do sul,AC,-8.0038,-72.8312,Cruzeiro Do Sul
epitaciolandia,AC,-10.8611,-68.6213,Epitaciolândia
feijo,AC,-8.9379,-71.04,Feijó
jordao,AC,-9.1448,-71.8493,Jordão
mancio lima,AC,-7.5596,-73.5229,Mâncio Lima
manoel urbano,AC,-9.3682,-69.9289,Manoel Urbano
marechal thaumaturgo,AC,-9.0382,-72.6615,Marechal Thaumaturgo
placido de castro,AC,-10.2947,-67.3486,Plácido De Castro
porto walter,AC,-8.4784,-72.7562,Porto Walter
rio branco,AC,-10.0578,-68.2053,Rio Branco
rodrigues alves,AC,-7.8298,-73.1651,Rodrigues Alves
santa rosa do purus,AC,-9.4903,-70.4377,Santa Rosa Do Purus
senador guiomard,AC,-10.0294,-67.5101,Senador Guiomard
sena madureira,AC,-10.0532,-69.6352,Sena Madureira
tarauaca,AC,-8.5227,-71.3145,Tarauacá
xapuri,AC,-10.5961,-68.5443,Xapuri
porto acre,AC,-9.6819,-67.7249,Porto Acre
alvaraes,AM,-3.6783,-65.2734,Alvarães
amatura,AM,-3.2933,-68.2688,Amaturá
anama,AM,-3.459,-61.7308,Anamã
anori,AM,-4.2372,-62.2079,Anori
apui,AM,-7.8659,-59.5632,Apuí
atalaia do norte,AM,-5.4567,-71.4692,Atalaia Do Norte
autazes,AM,-3.8618,-59.6663,Autazes
barcelos,AM,-0.4434,-63.6064,Barcelos
barreirinha,AM,-3.0189,-57.1658,Barreirinha
benjamin constant,AM,-5.4911,-70.3596,Benjamin Constant
beruri,AM,-4.3925,-61.8288,Beruri
boa vista do ramos,AM,-3.1233,-57.6092,Boa Vista Do Ramos
boca do acre,AM,-8.5654,-67.8455,Boca Do Acre
borba,AM,-5.0467,-59.2883,Borba
caapiranga,AM,-3.1434,-61.734,Caapiranga
canutama,AM,-7.6798,-64.0683,Canutama
carauari,AM,-5.1486,-67.3837,Carauari
careiro,AM,-3.8639,-60.2592,Careiro
careiro da varzea,AM,-3.3484,-59.677,Careiro Da Várzea
coari,AM,-3.9649,-64.0782,Coari
codajas,AM,-3.1877,-63.1115,Codajás
eirunepe,AM,-7.0543,-70.3729,Eirunepé
envira,AM,-7.5023,-70.0259,Envira
fonte boa,AM,-2.5121,-66.2064,Fonte Boa
guajara,AM,-7.1374,-72.6395,Guajará
humaita,AM,-7.3796,-62.3214,Humaitá
ipixuna,AM,-7.0661,-71.3094,Ipixuna
iranduba,AM,-3.1121,-60.4273,Iranduba
itacoatiara,AM,-3.1558,-58.7913,Itacoatiara
itamarati,AM,-6.7575,-67.8043,Itamarati
itapiranga,AM,-2.5035,-58.5321,Itapiranga
japura,AM,-1.5339,-68.2791,Japurá
jurua,AM,-3.1968,-66.1935,Juruá
jutai,AM,-4.611,-68.2504,Jutaí
labrea,AM,-8.1289,-66.1643,Lábrea
manacapuru,AM,-3.2672,-61.0112,Manacapuru
manaquiri,AM,-3.7922,-60.6772,Manaquiri
manaus,AM,-2.6895,-60.1636,Manaus
manicore,AM,-6.9833,-61.5206,Manicoré
maraa,AM,-2.67,-64.786,Maraã
maues,AM,-5.0496,-58.3572,Maués
nhamunda,AM,-1.3703,-57.8683,Nhamundá
nova olinda do norte,AM,-3.9743,-58.5877,Nova Olinda Do Norte
novo airao,AM,-1.9584,-61.7462,Novo Airão
novo aripuana,AM,-6.9933,-60.5499,Novo Aripuanã
parintins,AM,-2.6264,-56.8943,Parintins
pauini,AM,-7.6856,-67.89,Pauini
presidente figueiredo,AM,-1.2021,-59.9942,Presidente Figueiredo
rio preto da eva,AM,-2.5184,-59.607,Rio Preto Da Eva
santa isabel do rio negro,AM,-0.2358,-65.4898,Santa Isabel Do Rio Negro
santo antonio do ica,AM,-3.1103,-68.7516,Santo Antônio Do Içá
sao gabriel da cachoeira,AM,0.2819,-68.0117,São Gabriel Da Cachoeira
sao paulo de olivenca,AM,-4.4507,-69.4828,São Paulo De Olivença
sao sebastiao do uatuma,AM,-1.9231,-58.7433,São Sebastião Do Uatumã
silves,AM,-2.7865,-58.6305,Silves
tabatinga,AM,-3.9488,-69.5731,Tabatinga
tapaua,AM,-6.3021,-65.973,Tapauá
tefe,AM,-4.5294,-65.5937,Tefé
tonantins,AM,-2.6419,-67.7672,Tonantins
uarini,AM,-3.1493,-65.4101,Uarini
urucara,AM,-1.1722,-58.8476,Urucará
urucurituba,AM,-2.8361,-57.7507,Urucurituba
amajari,RR,3.821,-62.6644,Amajari
alto alegre,RR,3.0324,-62.7602,Alto Alegre
boa vista,RR,3.1332,-60.6293,Boa Vista
bonfim,RR,2.8152,-60.0254,Bonfim
canta,RR,2.225,-60.4871,Cantá
caracarai,RR,0.6725,-61.2231,Caracaraí
caroebe,RR,1.1726,-59.4786,Caroebe
iracema,RR,2.3318,-62.7634,Iracema
mucajai,RR,2.5471,-61.9433,Mucajaí
normandia,RR,3.8939,-60.048,Normandia
pacaraima,RR,4.1628,-60.8058,Pacaraima
rorainopolis,RR,-0.0477,-60.9078,Rorainópolis
sao joao da baliza,RR,0.7528,-59.861,São João Da Baliza
sao luiz,RR,0.861,-60.1747,São Luiz
uiramuta,RR,4.6584,-60.2571,Uiramutã
abaetetuba,PA,-1.748,-48.9492,Abaetetuba
abel figueiredo,PA,-4.9508,-48.4456,Abel Figueiredo
acara,PA,-2.1069,-48.4698,Acará
afua,PA,-0.4,-50.7237,Afuá
agua azul do norte,PA,-6.653,-50.5315,Água Azul Do Norte
alenquer,PA,-0.8611,-54.8517,Alenquer
almeirim,PA,0.5636,-53.9485,Almeirim
altamira,PA,-6.0051,-53.7696,Altamira
anajas,PA,-0.838,-50.0365,Anajás
ananindeua,PA,-1.3355,-48.3748,Ananindeua
anapu,PA,-3.9424,-51.3287,Anapu
augusto correa,PA,-0.9871,-46.4698,Augusto Corrêa
aurora do para,PA,-2.2994,-47.7758,Aurora Do Pará
aveiro,PA,-3.8747,-55.9464,Aveiro
bagre,PA,-2.4024,-50.1446,Bagre
baiao,PA,-3.2015,-49.7187,Baião
bannach,PA,-7.4723,-50.6025,Bannach
barcarena,PA,-1.565,-48.6297,Barcarena
belem,PA,-1.3275,-48.4104,Belém
belterra,PA,-3.449,-55.0434,Belterra
benevides,PA,-1.3399,-48.2866,Benevides
bom jesus do tocantins,PA,-4.9827,-48.8058,Bom Jesus Do Tocantins
bonito,PA,-1.409,-47.3035,Bonito
braganca,PA,-1.0009,-46.7515,Bragança
brasil novo,PA,-3.3914,-52.7173,Brasil Novo
brejo grande do araguaia,PA,-5.7484,-48.4222,Brejo Grande Do Araguaia
breu branco,PA,-3.7582,-49.2053,Breu Branco
breves,PA,-1.1731,-50.504,Breves
bujaru,PA,-1.6251,-48.0735,Bujaru
cachoeira do piria,PA,-1.977,-46.4396,Cachoeira Do Piriá
cachoeira do arari,PA,-0.8176,-48.9427,Cachoeira Do Arari
cameta,PA,-2.2994,-49.5184,Cametá
canaa dos carajas,PA,-6.4925,-50.1083,Canaã Dos Carajás
capanema,PA,-1.1305,-47.1064,Capanema
capitao poco,PA,-1.985,-47.1894,Capitão Poço
castanhal,PA,-1.2851,-47.8592,Castanhal
chaves,PA,0.0024,-49.5276,Chaves
colares,PA,-0.9153,-48.2349,Colares
conceicao do araguaia,PA,-8.1065,-49.5333,Conceição Do Araguaia
concordia do para,PA,-1.8615,-47.9588,Concórdia Do Pará
cumaru do norte,PA,-8.4439,-51.1805,Cumaru Do Norte
curionopolis,PA,-6.1781,-49.6681,Curionópolis
curralinho,PA,-1.5458,-50.0075,Curralinho
curua,PA,-1.8206,-55.0944,Curuá
curuca,PA,-0.6602,-47.8716,Curuçá
dom eliseu,PA,-4.089,-47.8589,Dom Eliseu
eldorado do carajas,PA,-6.0845,-49.3559,Eldorado Do Carajás
faro,PA,-1.1489,-57.8045,Faro
floresta do araguaia,PA,-7.5343,-49.485,Floresta Do Araguaia
garrafao do norte,PA,-2.2086,-47.0832,Garrafão Do Norte
goianesia do para,PA,-3.9022,-48.9503,Goianésia Do Pará
gurupa,PA,-1.1425,-51.5682,Gurupá
igarape-acu,PA,-1.1348,-47.5573,Igarapé-Açu
igarape-miri,PA,-2.0068,-49.1044,Igarapé-Miri
inhangapi,PA,-1.4644,-47.9485,Inhangapi
ipixuna do para,PA,-3.0108,-48.1525,Ipixuna Do Pará
irituia,PA,-1.7562,-47.4194,Irituia
itaituba,PA,-5.8678,-56.243,Itaituba
itupiranga,PA,-5.2036,-49.857,Itupiranga
jacareacanga,PA,-7.3501,-57.2026,Jacareacanga
jacunda,PA,-4.5983,-49.2341,Jacundá
juruti,PA,-2.3081,-56.0575,Juruti
limoeiro do ajuru,PA,-1.8967,-49.4928,Limoeiro Do Ajuru
mae do rio,PA,-1.9757,-47.5071,Mãe Do Rio
magalhaes barata,PA,-0.8192,-47.6371,Magalhães Barata
maraba,PA,-5.6287,-50.1232,Marabá
maracana,PA,-0.7794,-47.4829,Maracanã
marapanim,PA,-0.7908,-47.7121,Marapanim
marituba,PA,-1.4031,-48.329,Marituba
medicilandia,PA,-3.1847,-53.2531,Medicilândia
melgaco,PA,-1.653,-51.1286,Melgaço
mocajuba,PA,-2.5682,-49.4795,Mocajuba
moju,PA,-2.5406,-49.0281,Moju
mojui dos campos,PA,-3.123,-54.4923,Mojuí Dos Campos
monte alegre,PA,-0.9736,-54.4202,Monte Alegre
muana,PA,-1.2545,-49.3501,Muaná
nova esperanca do piria,PA,-2.4338,-46.9805,Nova Esperança Do Piriá
nova ipixuna,PA,-4.9282,-49.2293,Nova Ipixuna
nova timboteua,PA,-1.1095,-47.3808,Nova Timboteua
novo progresso,PA,-7.7517,-55.4518,Novo Progresso
novo repartimento,PA,-4.6565,-50.4891,Novo Repartimento
obidos,PA,-0.011,-55.7618,Óbidos
oeiras do para,PA,-2.317,-49.8801,Oeiras Do Pará
oriximina,PA,0.4431,-56.979,Oriximiná
ourem,PA,-1.5126,-47.154,Ourém
ourilandia do norte,PA,-7.4946,-51.477,Ourilândia Do Norte
pacaja,PA,-3.6162,-50.5748,Pacajá
palestina do para,PA,-5.9364,-48.3469,Palestina Do Pará
paragominas,PA,-3.1636,-47.6523,Paragominas
parauapebas,PA,-6.1667,-50.5191,Parauapebas
pau d'arco,PA,-7.7128,-50.1592,Pau D'arco
peixe-boi,PA,-1.1051,-47.2715,Peixe-Boi
picarra,PA,-6.4689,-48.9682,Piçarra
placas,PA,-3.9859,-54.5438,Placas
ponta de pedras,PA,-1.0377,-49.1582,Ponta De Pedras
portel,PA,-2.6832,-50.8413,Portel
porto de moz,PA,-2.2083,-52.488,Porto De Moz
prainha,PA,-1.977,-53.6057,Prainha
primavera,PA,-0.9554,-47.1028,Primavera
quatipuru,PA,-0.8274,-46.9999,Quatipuru
redencao,PA,-8.0528,-50.2465,Redenção
rio maria,PA,-7.4068,-49.8251,Rio Maria
rondon do para,PA,-4.5357,-48.5758,Rondon Do Pará
ruropolis,PA,-4.1939,-55.2061,Rurópolis
salinopolis,PA,-0.6788,-47.3548,Salinópolis
salvaterra,PA,-0.7723,-48.6279,Salvaterra
santa barbara do para,PA,-1.1845,-48.2502,Santa Bárbara Do Pará
santa cruz do arari,PA,-0.6132,-49.2874,Santa Cruz Do Arari
santa izabel do para,PA,-1.3543,-48.1266,Santa Izabel Do Pará
santa luzia do para,PA,-1.6681,-46.9413,Santa Luzia Do Pará
santa maria das barreiras,PA,-8.587,-50.3964,Santa Maria Das Barreiras
santa maria do para,PA,-1.3477,-47.5028,Santa Maria Do Pará
santana do araguaia,PA,-9.1471,-50.7003,Santana Do Araguaia
santarem,PA,-2.5965,-54.7783,Santarém
santarem novo,PA,-0.8977,-47.3573,Santarém Novo
santo antonio do taua,PA,-1.0865,-48.2201,Santo Antônio Do Tauá
sao caetano de odivelas,PA,-0.7798,-48.0115,São Caetano De Odivelas
sao domingos do araguaia,PA,-5.7005,-48.714,São Domingos Do Araguaia
sao domingos do capim,PA,-1.8859,-47.8043,São Domingos Do Capim
sao felix do xingu,PA,-7.1965,-52.2647,São Félix Do Xingu
sao francisco do para,PA,-1.1748,-47.7453,São Francisco Do Pará
sao geraldo do araguaia,PA,-6.2032,-48.7198,São Geraldo Do Araguaia
sao joao da ponta,PA,-0.8515,-47.9733,São João Da Ponta
sao joao de pirabas,PA,-0.7539,-47.1924,São João De Pirabas
sao joao do araguaia,PA,-5.4335,-48.73,São João Do Araguaia
sao miguel do guama,PA,-1.5695,-47.5632,São Miguel Do Guamá
sao sebastiao da boa vista,PA,-1.3844,-49.6873,São Sebastião Da Boa Vista
sapucaia,PA,-6.8291,-49.5182,Sapucaia
senador jose porfirio,PA,-3.9621,-51.7616,Senador José Porfírio
soure,PA,-0.4499,-48.6529,Soure
tailandia,PA,-2.8413,-48.7258,Tailândia
terra alta,PA,-0.9766,-47.8514,Terra Alta
terra santa,PA,-1.9334,-56.4664,Terra Santa
tome-acu,PA,-2.6023,-48.2373,Tomé-Açu
tracuateua,PA,-1.0117,-46.9479,Tracuateua
trairao,PA,-5.1753,-55.9719,Trairão
tucuma,PA,-6.8451,-51.4677,Tucumã
tucurui,PA,-3.8421,-49.8933,Tucuruí
ulianopolis,PA,-3.8001,-47.4624,Ulianópolis
uruara,PA,-3.6329,-53.7979,Uruará
vigia,PA,-0.9303,-48.1279,Vigia
viseu,PA,-1.3611,-46.3312,Viseu
vitoria do xingu,PA,-3.1634,-51.948,Vitória Do Xingu
xinguara,PA,-6.8389,-49.477,Xinguara
serra do navio,AP,1.5853,-52.2499,Serra Do Navio
amapa,AP,1.8702,-50.7902,Amapá
pedra branca do amapari,AP,1.1744,-52.4462,Pedra Branca Do Amapari
calcoene,AP,2.4376,-51.4151,Calçoene
cutias,AP,1.0373,-50.5015,Cutias
ferreira gomes,AP,0.9188,-51.4077,Ferreira Gomes
itaubal,AP,0.5629,-50.6865,Itaubal
laranjal do jari,AP,0.9979,-53.3018,Laranjal Do Jari
macapa,AP,0.5847,-50.7634,Macapá
mazagao,AP,-0.0296,-52.1234,Mazagão
oiapoque,AP,2.796,-52.0855,Oiapoque
porto grande,AP,0.5884,-51.7247,Porto Grande
pracuuba,AP,1.666,-51.2336,Pracuúba
santana,AP,0.1426,-51.3457,Santana
tartarugalzinho,AP,1.2241,-51.0568,Tartarugalzinho
vitoria do jari,AP,-0.9687,-52.0013,Vitória Do Jari
abreulandia,TO,-9.4315,-49.3475,Abreulândia
aguiarnopolis,TO,-6.4737,-47.5104,Aguiarnópolis
alianca do tocantins,TO,-11.3168,-48.8926,Aliança Do Tocantins
almas,TO,-11.3939,-47.1785,Almas
alvorada,TO,-12.3971,-49.0961,Alvorada
ananas,TO,-6.1575,-48.2042,Ananás
angico,TO,-6.4067,-47.9181,Angico
aparecida do rio negro,TO,-10.011,-47.9847,Aparecida Do Rio Negro
aragominas,TO,-6.9864,-48.5769,Aragominas
araguacema,TO,-8.966,-49.4797,Araguacema
araguacu,TO,-12.6808,-49.7144,Araguaçu
araguaina,TO,-7.3082,-48.5274,Araguaína
araguana,TO,-6.7775,-48.5197,Araguanã
araguatins,TO,-5.6546,-48.1088,Araguatins
arapoema,TO,-7.7293,-49.0124,Arapoema
arraias,TO,-12.8567,-47.1465,Arraias
augustinopolis,TO,-5.5111,-47.9132,Augustinópolis
aurora do tocantins,TO,-12.6416,-46.4191,Aurora Do Tocantins
axixa do tocantins,TO,-5.6688,-47.7507,Axixá Do Tocantins
babaculandia,TO,-7.1808,-47.8247,Babaçulândia
bandeirantes do tocantins,TO,-8.0148,-48.6702,Bandeirantes Do Tocantins
barra do ouro,TO,-7.7239,-47.555,Barra Do Ouro
barrolandia,TO,-9.854,-48.8115,Barrolândia
bernardo sayao,TO,-8.0061,-48.9299,Bernardo Sayão
bom jesus do tocantins,TO,-8.9982,-47.8663,Bom Jesus Do Tocantins
brasilandia do tocantins,TO,-8.2581,-48.4538,Brasilândia Do Tocantins
brejinho de nazare,TO,-11.0101,-48.6139,Brejinho De Nazaré
buriti do tocantins,TO,-5.343,-48.1439,Buriti Do Tocantins
cachoeirinha,TO,-6.0927,-47.8575,Cachoeirinha
campos lindos,TO,-8.212,-46.8558,Campos Lindos
cariri do tocantins,TO,-11.9359,-49.2079,Cariri Do Tocantins
carmolandia,TO,-7.0492,-48.3723,Carmolândia
carrasco bonito,TO,-5.315,-48.0228,Carrasco Bonito
caseara,TO,-9.4262,-49.8318,Caseara
centenario,TO,-9.0968,-47.4321,Centenário
chapada de areia,TO,-10.1817,-49.1729,Chapada De Areia
chapada da natividade,TO,-11.5135,-47.8637,Chapada Da Natividade
colinas do tocantins,TO,-8.109,-48.5358,Colinas Do Tocantins
combinado,TO,-12.8403,-46.5315,Combinado
conceicao do tocantins,TO,-12.1938,-47.3512,Conceição Do Tocantins
couto magalhaes,TO,-8.4083,-49.1424,Couto Magalhães
cristalandia,TO,-10.6399,-49.3133,Cristalândia
crixas do tocantins,TO,-11.1659,-49.0594,Crixás Do Tocantins
darcinopolis,TO,-6.743,-47.7803,Darcinópolis
dianopolis,TO,-11.7272,-46.7807,Dianópolis
divinopolis do tocantins,TO,-9.6725,-49.3938,Divinópolis Do Tocantins
dois irmaos do tocantins,TO,-9.3512,-49.0328,Dois Irmãos Do Tocantins
duere,TO,-11.3339,-49.4786,Dueré
esperantina,TO,-5.3062,-48.5443,Esperantina
fatima,TO,-10.8014,-48.8645,Fátima
figueiropolis,TO,-12.2689,-49.3162,Figueirópolis
filadelfia,TO,-7.4637,-47.8037,Filadélfia
formoso do araguaia,TO,-12.2645,-50.2158,Formoso Do Araguaia
tabocao,TO,-9.0682,-48.5624,Tabocão
goianorte,TO,-8.8767,-48.9958,Goianorte
goiatins,TO,-8.0055,-47.5124,Goiatins
guarai,TO,-8.7465,-48.4732,Guaraí
gurupi,TO,-11.6379,-48.8752,Gurupi
ipueiras,TO,-11.1378,-48.3657,Ipueiras
itacaja,TO,-8.4912,-47.6901,Itacajá
itaguatins,TO,-5.7962,-47.5923,Itaguatins
itapiratins,TO,-8.2583,-47.9867,Itapiratins
itapora do tocantins,TO,-8.4751,-48.7144,Itaporã Do Tocantins
jau do tocantins,TO,-12.7833,-48.6514,Jaú Do Tocantins
juarina,TO,-8.1297,-49.1046,Juarina
lagoa da confusao,TO,-10.9997,-49.9459,Lagoa Da Confusão
lagoa do tocantins,TO,-10.2975,-47.4847,Lagoa Do Tocantins
lajeado,TO,-9.8496,-48.3001,Lajeado
lavandeira,TO,-12.8306,-46.3631,Lavandeira
lizarda,TO,-9.4629,-46.9522,Lizarda
luzinopolis,TO,-6.2001,-47.8635,Luzinópolis
marianopolis do tocantins,TO,-9.8085,-49.7027,Marianópolis Do Tocantins
mateiros,TO,-10.5624,-46.5928,Mateiros
maurilandia do tocantins,TO,-6.0176,-47.598,Maurilândia Do Tocantins
miracema do tocantins,TO,-9.7326,-48.592,Miracema Do Tocantins
miranorte,TO,-9.3875,-48.6548,Miranorte
monte do carmo,TO,-10.7107,-48.0361,Monte Do Carmo
monte santo do tocantins,TO,-9.9895,-49.0807,Monte Santo Do Tocantins
palmeiras do tocantins,TO,-6.5904,-47.6896,Palmeiras Do Tocantins
muricilandia,TO,-6.996,-48.7675,Muricilândia
natividade,TO,-11.7521,-47.6774,Natividade
nazare,TO,-6.3339,-47.7888,Nazaré
nova olinda,TO,-7.6259,-48.3765,Nova Olinda
nova rosalandia,TO,-10.5189,-48.969,Nova Rosalândia
novo acordo,TO,-10.1863,-47.4023,Novo Acordo
novo alegre,TO,-12.8866,-46.5504,Novo Alegre
novo jardim,TO,-11.7423,-46.4434,Novo Jardim
oliveira de fatima,TO,-10.6532,-48.8708,Oliveira De Fátima
palmeirante,TO,-7.8552,-48.1622,Palmeirante
palmeiropolis,TO,-13.0598,-48.3901,Palmeirópolis
paraiso do tocantins,TO,-10.2276,-48.861,Paraíso Do Tocantins
parana,TO,-12.6609,-47.819,Paranã
pau d'arco,TO,-7.5593,-48.8831,Pau D'arco
pedro afonso,TO,-9.2366,-47.9778,Pedro Afonso
peixe,TO,-12.0846,-48.5823,Peixe
pequizeiro,TO,-8.4015,-48.9549,Pequizeiro
colmeia,TO,-8.8768,-48.7457,Colméia
pindorama do tocantins,TO,-11.1466,-47.5806,Pindorama Do Tocantins
piraque,TO,-6.6705,-48.2826,Piraquê
pium,TO,-10.0092,-49.8133,Pium
ponte alta do bom jesus,TO,-12.0533,-46.5478,Ponte Alta Do Bom Jesus
ponte alta do tocantins,TO,-10.7931,-47.2216,Ponte Alta Do Tocantins
porto alegre do tocantins,TO,-11.5108,-47.0437,Porto Alegre Do Tocantins
porto nacional,TO,-10.5823,-48.468,Porto Nacional
praia norte,TO,-5.4702,-47.7762,Praia Norte
presidente kennedy,TO,-8.445,-48.4771,Presidente Kennedy
pugmil,TO,-10.412,-48.8737,Pugmil
recursolandia,TO,-8.7443,-47.1377,Recursolândia
riachinho,TO,-6.4479,-48.1524,Riachinho
rio da conceicao,TO,-11.2963,-46.7544,Rio Da Conceição
rio dos bois,TO,-9.2215,-48.4894,Rio Dos Bois
rio sono,TO,-9.542,-47.4731,Rio Sono
sampaio,TO,-5.3398,-47.9231,Sampaio
sandolandia,TO,-12.4059,-49.8881,Sandolândia
santa fe do araguaia,TO,-7.0989,-48.9526,Santa Fé Do Araguaia
santa maria do tocantins,TO,-8.8106,-47.8618,Santa Maria Do Tocantins
santa rita do tocantins,TO,-10.9723,-49.346,Santa Rita Do Tocantins
santa rosa do tocantins,TO,-11.3898,-48.1082,Santa Rosa Do Tocantins
santa tereza do tocantins,TO,-10.2901,-47.7307,Santa Tereza Do Tocantins
santa terezinha do tocantins,TO,-6.4677,-47.7262,Santa Terezinha Do Tocantins
sao bento do tocantins,TO,-5.97,-47.9655,São Bento Do Tocantins
sao felix do tocantins,TO,-10.0765,-46.6539,São Félix Do Tocantins
sao miguel do tocantins,TO,-5.5389,-47.6114,São Miguel Do Tocantins
sao salvador do tocantins,TO,-12.5519,-48.3465,São Salvador Do Tocantins
sao sebastiao do tocantins,TO,-5.2461,-48.3509,São Sebastião Do Tocantins
sao valerio,TO,-11.8266,-48.1222,São Valério
silvanopolis,TO,-11.13,-48.0358,Silvanópolis
sitio novo do tocantins,TO,-5.6074,-47.7126,Sítio Novo Do Tocantins
sucupira,TO,-12.1155,-48.8235,Sucupira
taguatinga,TO,-12.3668,-46.5136,Taguatinga
taipas do tocantins,TO,-12.1321,-46.9979,Taipas Do Tocantins
talisma,TO,-12.6598,-49.0007,Talismã
palmas,TO,-10.1667,-48.101,Palmas
tocantinia,TO,-9.5552,-48.1517,Tocantínia
tocantinopolis,TO,-6.2863,-47.5519,Tocantinópolis
tupirama,TO,-8.9088,-48.2574,Tupirama
tupiratins,TO,-8.3559,-48.2214,Tupiratins
wanderlandia,TO,-6.8797,-48.022,Wanderlândia
xambioa,TO,-6.5873,-48.4403,Xambioá
acailandia,MA,-4.7321,-47.2913,Açailândia
afonso cunha,MA,-4.1902,-43.2721,Afonso Cunha
agua doce do maranhao,MA,-2.8949,-42.1229,Água Doce Do Maranhão
alcantara,MA,-2.4304,-44.5293,Alcântara
aldeias altas,MA,-4.5319,-43.4222,Aldeias Altas
altamira do maranhao,MA,-4.1554,-45.4965,Altamira Do Maranhão
alto alegre do maranhao,MA,-4.2355,-44.4126,Alto Alegre Do Maranhão
alto alegre do pindare,MA,-3.8545,-45.9805,Alto Alegre Do Pindaré
alto parnaiba,MA,-9.5357,-46.2589,Alto Parnaíba
amapa do maranhao,MA,-1.6751,-45.914,Amapá Do Maranhão
amarante do maranhao,MA,-5.4825,-46.6649,Amarante Do Maranhão
anajatuba,MA,-3.2321,-44.5475,Anajatuba
anapurus,MA,-3.534,-43.1022,Anapurus
apicum-acu,MA,-1.475,-45.102,Apicum-Açu
araguana,MA,-3.0064,-45.7594,Araguanã
araioses,MA,-2.9187,-42.0371,Araioses
arame,MA,-5.0296,-45.9556,Arame
arari,MA,-3.5635,-44.7752,Arari
axixa,MA,-2.7968,-44.0954,Axixá
bacabal,MA,-4.0641,-44.7222,Bacabal
bacabeira,MA,-2.8904,-44.3428,Bacabeira
bacuri,MA,-1.6662,-45.1585,Bacuri
bacurituba,MA,-2.6749,-44.6829,Bacurituba
balsas,MA,-8.4266,-46.435,Balsas
barao de grajau,MA,-6.6139,-43.2796,Barão De Grajaú
barra do corda,MA,-5.3447,-45.1055,Barra Do Corda
barreirinhas,MA,-2.8167,-42.9829,Barreirinhas
belagua,MA,-3.0822,-43.4659,Belágua
bela vista do maranhao,MA,-3.7714,-45.2684,Bela Vista Do Maranhão
benedito leite,MA,-7.1587,-44.5938,Benedito Leite
bequimao,MA,-2.4272,-44.7824,Bequimão
bernardo do mearim,MA,-4.6713,-44.6584,Bernardo Do Mearim
boa vista do gurupi,MA,-1.7499,-46.1834,Boa Vista Do Gurupi
bom jardim,MA,-3.782,-46.2644,Bom Jardim
bom jesus das selvas,MA,-4.5119,-46.6534,Bom Jesus Das Selvas
bom lugar,MA,-4.3105,-45.048,Bom Lugar
brejo,MA,-3.6719,-42.8208,Brejo
brejo de areia,MA,-4.3521,-45.5972,Brejo De Areia
buriti,MA,-3.9301,-42.9032,Buriti
buriti bravo,MA,-5.7677,-43.7837,Buriti Bravo
buriticupu,MA,-4.453,-46.3406,Buriticupu
buritirana,MA,-5.5401,-47.0895,Buritirana
cachoeira grande,MA,-3.0845,-43.9764,Cachoeira Grande
cajapio,MA,-2.9062,-44.6291,Cajapió
cajari,MA,-3.3934,-45.0171,Cajari
campestre do maranhao,MA,-6.142,-47.2808,Campestre Do Maranhão
candido mendes,MA,-1.4563,-45.6071,Cândido Mendes
cantanhede,MA,-3.658,-44.2624,Cantanhede
capinzal do norte,MA,-4.6685,-44.2985,Capinzal Do Norte
carolina,MA,-7.4756,-47.1902,Carolina
carutapera,MA,-1.2574,-45.9954,Carutapera
caxias,MA,-4.8723,-43.3436,Caxias
cedral,MA,-1.9914,-44.5993,Cedral
central do maranhao,MA,-2.2457,-44.834,Central Do Maranhão
centro do guilherme,MA,-2.4304,-46.1043,Centro Do Guilherme
centro novo do maranhao,MA,-3.0028,-46.6119,Centro Novo Do Maranhão
chapadinha,MA,-3.7055,-43.4243,Chapadinha
cidelandia,MA,-5.0595,-47.8404,Cidelândia
codo,MA,-4.6776,-43.9555,Codó
coelho neto,MA,-4.1947,-43.1092,Coelho Neto
colinas,MA,-5.9892,-44.2374,Colinas
conceicao do lago-acu,MA,-3.7417,-44.794,Conceição Do Lago-Açu
coroata,MA,-4.0918,-44.1844,Coroatá
cururupu,MA,-1.57,-44.8253,Cururupu
davinopolis,MA,-5.5767,-47.3107,Davinópolis
dom pedro,MA,-5.0436,-44.4046,Dom Pedro
duque bacelar,MA,-4.1119,-42.9939,Duque Bacelar
esperantinopolis,MA,-4.895,-44.8264,Esperantinópolis
estreito,MA,-6.7399,-47.1537,Estreito
feira nova do maranhao,MA,-7.0149,-46.6638,Feira Nova Do Maranhão
fernando falcao,MA,-6.2416,-45.3653,Fernando Falcão
formosa da serra negra,MA,-6.6127,-46.1219,Formosa Da Serra Negra
fortaleza dos nogueiras,MA,-6.8196,-46.0652,Fortaleza Dos Nogueiras
fortuna,MA,-5.6468,-44.0233,Fortuna
godofredo viana,MA,-1.2866,-45.7362,Godofredo Viana
goncalves dias,MA,-5.1413,-44.2441,Gonçalves Dias
governador archer,MA,-4.968,-44.1946,Governador Archer
governador edison lobao,MA,-5.727,-47.3312,Governador Edison Lobão
governador eugenio barros,MA,-5.4018,-44.0169,Governador Eugênio Barros
governador luiz rocha,MA,-5.5335,-44.0894,Governador Luiz Rocha
governador newton bello,MA,-3.3836,-46.0192,Governador Newton Bello
governador nunes freire,MA,-2.049,-45.8489,Governador Nunes Freire
graca aranha,MA,-5.415,-44.3432,Graça Aranha
grajau,MA,-5.7667,-45.9651,Grajaú
guimaraes,MA,-2.1222,-44.6084,Guimarães
humberto de campos,MA,-2.5366,-43.5748,Humberto De Campos
icatu,MA,-2.4893,-43.8114,Icatu
igarape do meio,MA,-3.6704,-45.1458,Igarapé Do Meio
igarape grande,MA,-4.555,-44.8283,Igarapé Grande
imperatriz,MA,-5.3342,-47.5754,Imperatriz
itaipava do grajau,MA,-5.2009,-45.6653,Itaipava Do Grajaú
itapecuru mirim,MA,-3.3278,-44.324,Itapecuru Mirim
itinga do maranhao,MA,-4.134,-47.2242,Itinga Do Maranhão
jatoba,MA,-5.865,-44.3168,Jatobá
jenipapo dos vieiras,MA,-5.3686,-45.5224,Jenipapo Dos Vieiras
joao lisboa,MA,-5.2568,-47.1622,João Lisboa
joselandia,MA,-5.0171,-44.7266,Joselândia
junco do maranhao,MA,-1.8808,-46.0841,Junco Do Maranhão
lago da pedra,MA,-4.7112,-45.1882,Lago Da Pedra
lago do junco,MA,-4.5069,-44.9364,Lago Do Junco
lago verde,MA,-3.9544,-44.8075,Lago Verde
lagoa do mato,MA,-5.9721,-43.5425,Lagoa Do Mato
lago dos rodrigues,MA,-4.6099,-44.9438,Lago Dos Rodrigues
lagoa grande do maranhao,MA,-4.8744,-45.4121,Lagoa Grande Do Maranhão
lajeado novo,MA,-6.0878,-46.948,Lajeado Novo
lima campos,MA,-4.5619,-44.4771,Lima Campos
loreto,MA,-7.1725,-45.2253,Loreto
luis domingues,MA,-1.2691,-45.8336,Luís Domingues
magalhaes de almeida,MA,-3.3129,-42.1364,Magalhães De Almeida
maracacume,MA,-1.9898,-45.9941,Maracaçumé
maraja do sena,MA,-4.715,-45.5988,Marajá Do Sena
maranhaozinho,MA,-2.4283,-45.9467,Maranhãozinho
mata roma,MA,-3.5902,-43.232,Mata Roma
matinha,MA,-3.0784,-44.9913,Matinha
matoes,MA,-5.3169,-43.3303,Matões
matoes do norte,MA,-3.7472,-44.4562,Matões Do Norte
milagres do maranhao,MA,-3.4966,-42.8533,Milagres Do Maranhão
mirador,MA,-6.4184,-45.1141,Mirador
miranda do norte,MA,-3.5169,-44.4979,Miranda Do Norte
mirinzal,MA,-2.0347,-44.7959,Mirinzal
moncao,MA,-3.5,-45.3166,Monção
montes altos,MA,-5.8606,-47.0529,Montes Altos
morros,MA,-2.9763,-43.8583,Morros
nina rodrigues,MA,-3.4548,-43.7824,Nina Rodrigues
nova colinas,MA,-7.1683,-46.2636,Nova Colinas
nova iorque,MA,-6.8107,-44.05,Nova Iorque
nova olinda do maranhao,MA,-2.9751,-45.9567,Nova Olinda Do Maranhão
olho d'agua das cunhas,MA,-4.087,-45.0965,Olho D'água Das Cunhãs
olinda nova do maranhao,MA,-2.9656,-44.9982,Olinda Nova Do Maranhão
paco do lumiar,MA,-2.4858,-44.1194,Paço Do Lumiar
palmeirandia,MA,-2.6498,-45.0286,Palmeirândia
paraibano,MA,-6.3963,-43.9005,Paraibano
parnarama,MA,-5.5949,-43.563,Parnarama
passagem franca,MA,-6.0971,-43.7669,Passagem Franca
pastos bons,MA,-6.6287,-44.1262,Pastos Bons
paulino neves,MA,-2.8505,-42.5729,Paulino Neves
paulo ramos,MA,-4.5417,-45.4417,Paulo Ramos
pedreiras,MA,-4.6378,-44.5912,Pedreiras
pedro do rosario,MA,-2.8824,-45.4063,Pedro Do Rosário
penalva,MA,-3.2533,-45.2764,Penalva
peri mirim,MA,-2.5351,-44.931,Peri Mirim
peritoro,MA,-4.3741,-44.2987,Peritoró
pindare-mirim,MA,-3.6368,-45.3845,Pindaré-Mirim
pinheiro,MA,-2.5114,-45.0766,Pinheiro
pio xii,MA,-3.8667,-45.0976,Pio Xii
pirapemas,MA,-3.7566,-44.2059,Pirapemas
pocao de pedras,MA,-4.7869,-44.8876,Poção De Pedras
porto franco,MA,-6.3492,-47.0796,Porto Franco
porto rico do maranhao,MA,-1.8699,-44.6269,Porto Rico Do Maranhão
presidente dutra,MA,-5.2714,-44.443,Presidente Dutra
presidente juscelino,MA,-3.0954,-44.0787,Presidente Juscelino
presidente medici,MA,-2.2904,-45.7589,Presidente Médici
presidente sarney,MA,-2.6386,-45.4006,Presidente Sarney
presidente vargas,MA,-3.3955,-44.0106,Presidente Vargas
primeira cruz,MA,-2.6344,-43.3822,Primeira Cruz
raposa,MA,-2.4453,-44.0825,Raposa
riachao,MA,-7.7715,-46.6648,Riachão
ribamar fiquene,MA,-5.9365,-47.2928,Ribamar Fiquene
rosario,MA,-2.9707,-44.2042,Rosário
sambaiba,MA,-7.4554,-45.5911,Sambaíba
santa filomena do maranhao,MA,-5.5028,-44.5766,Santa Filomena Do Maranhão
santa helena,MA,-2.504,-45.4358,Santa Helena
santa ines,MA,-3.8356,-45.4091,Santa Inês
santa luzia,MA,-4.2488,-45.847,Santa Luzia
santa luzia do parua,MA,-2.5588,-45.7741,Santa Luzia Do Paruá
santa quiteria do maranhao,MA,-3.3162,-42.9718,Santa Quitéria Do Maranhão
santa rita,MA,-3.1685,-44.318,Santa Rita
santana do maranhao,MA,-3.1482,-42.6873,Santana Do Maranhão
santo amaro do maranhao,MA,-2.5872,-43.195,Santo Amaro Do Maranhão
santo antonio dos lopes,MA,-4.8115,-44.4546,Santo Antônio Dos Lopes
sao benedito do rio preto,MA,-3.3395,-43.6461,São Benedito Do Rio Preto
sao bento,MA,-2.7751,-44.9987,São Bento
sao bernardo,MA,-3.3834,-42.3772,São Bernardo
sao domingos do azeitao,MA,-6.8528,-44.6129,São Domingos Do Azeitão
sao domingos do maranhao,MA,-5.6365,-44.3588,São Domingos Do Maranhão
sao felix de balsas,MA,-7.0569,-44.8395,São Félix De Balsas
sao francisco do brejao,MA,-5.1539,-47.3615,São Francisco Do Brejão
sao francisco do maranhao,MA,-6.2165,-43.1064,São Francisco Do Maranhão
sao joao batista,MA,-2.9709,-44.8213,São João Batista
sao joao do caru,MA,-3.5474,-46.347,São João Do Carú
sao joao do paraiso,MA,-6.4349,-46.8715,São João Do Paraíso
sao joao do soter,MA,-4.9833,-43.7698,São João Do Soter
sao joao dos patos,MA,-6.5751,-43.6294,São João Dos Patos
sao jose de ribamar,MA,-2.5472,-44.1495,São José De Ribamar
sao jose dos basilios,MA,-5.0025,-44.601,São José Dos Basílios
sao luis,MA,-2.6006,-44.3264,São Luís
sao luis gonzaga do maranhao,MA,-4.3802,-44.6361,São Luís Gonzaga Do Maranhão
sao mateus do maranhao,MA,-4.0026,-44.5572,São Mateus Do Maranhão
sao pedro da agua branca,MA,-5.158,-48.4006,São Pedro Da Água Branca
sao pedro dos crentes,MA,-6.8382,-46.6719,São Pedro Dos Crentes
sao raimundo das mangabeiras,MA,-6.9876,-45.7003,São Raimundo Das Mangabeiras
sao raimundo do doca bezerra,MA,-5.0762,-45.1455,São Raimundo Do Doca Bezerra
sao roberto,MA,-5.0232,-45.0494,São Roberto
sao vicente ferrer,MA,-2.8911,-45.0041,São Vicente Ferrer
satubinha,MA,-3.9109,-45.2516,Satubinha
senador alexandre costa,MA,-5.284,-43.9439,Senador Alexandre Costa
senador la rocque,MA,-5.399,-47.1864,Senador La Rocque
serrano do maranhao,MA,-1.8148,-44.9996,Serrano Do Maranhão
sitio novo,MA,-6.3046,-46.665,Sítio Novo
sucupira do norte,MA,-6.4627,-44.2542,Sucupira Do Norte
sucupira do riachao,MA,-6.4197,-43.4449,Sucupira Do Riachão
tasso fragoso,MA,-8.2996,-45.8751,Tasso Fragoso
timbiras,MA,-4.2163,-43.8612,Timbiras
timon,MA,-5.1952,-43.0127,Timon
trizidela do vale,MA,-4.5611,-44.6548,Trizidela Do Vale
tufilandia,MA,-3.7126,-45.5835,Tufilândia
tuntum,MA,-5.518,-44.7064,Tuntum
turiacu,MA,-1.6406,-45.398,Turiaçu
turilandia,MA,-2.1171,-45.359,Turilândia
tutoia,MA,-2.8598,-42.4084,Tutóia
urbano santos,MA,-3.2582,-43.2575,Urbano Santos
vargem grande,MA,-3.6255,-43.8514,Vargem Grande
viana,MA,-3.1694,-44.9716,Viana
vila nova dos martirios,MA,-5.0594,-48.0845,Vila Nova Dos Martírios
vitoria do mearim,MA,-3.5452,-44.9036,Vitória Do Mearim
vitorino freire,MA,-4.1811,-45.3513,Vitorino Freire
ze doca,MA,-3.2166,-45.9423,Zé Doca
acaua,PI,-8.3251,-40.9881,Acauã
agricolandia,PI,-5.74,-42.6854,Agricolândia
agua branca,PI,-5.8995,-42.6202,Água Branca
alagoinha do piaui,PI,-6.878,-40.8875,Alagoinha Do Piauí
alegrete do piaui,PI,-7.1879,-40.8147,Alegrete Do Piauí
alto longa,PI,-5.3295,-42.1319,Alto Longá
altos,PI,-5.0841,-42.4639,Altos
alvorada do gurgueia,PI,-8.3865,-43.9288,Alvorada Do Gurguéia
amarante,PI,-6.3769,-42.8306,Amarante
angical do piaui,PI,-6.0868,-42.7566,Angical Do Piauí
anisio de abreu,PI,-9.2011,-43.0412,Anísio De Abreu
antonio almeida,PI,-7.19,-44.2223,Antônio Almeida
aroazes,PI,-6.1323,-41.8473,Aroazes
aroeiras do itaim,PI,-7.2568,-41.5722,Aroeiras Do Itaim
arraial,PI,-6.6465,-42.5302,Arraial
assuncao do piaui,PI,-5.8617,-41.0065,Assunção Do Piauí
avelino lopes,PI,-10.1681,-43.9255,Avelino Lopes
baixa grande do ribeiro,PI,-8.517,-45.213,Baixa Grande Do Ribeiro
barra d'alcantara,PI,-6.5144,-42.1008,Barra D'alcântara
barras,PI,-4.1247,-42.3138,Barras
barreiras do piaui,PI,-10.0644,-45.722,Barreiras Do Piauí
barro duro,PI,-5.7982,-42.5126,Barro Duro
batalha,PI,-3.9905,-42.047,Batalha
bela vista do piaui,PI,-7.9866,-41.8626,Bela Vista Do Piauí
belem do piaui,PI,-7.3779,-40.9846,Belém Do Piauí
beneditinos,PI,-5.5206,-42.4164,Beneditinos
bertolinia,PI,-7.684,-43.8468,Bertolínia
betania do piaui,PI,-8.121,-40.7912,Betânia Do Piauí
boa hora,PI,-4.3745,-42.1213,Boa Hora
bocaina,PI,-6.8937,-41.2969,Bocaina
bom jesus,PI,-9.186,-44.5231,Bom Jesus
bom principio do piaui,PI,-3.1873,-41.6058,Bom Princípio Do Piauí
bonfim do piaui,PI,-9.1788,-42.8857,Bonfim Do Piauí
boqueirao do piaui,PI,-4.5524,-42.1094,Boqueirão Do Piauí
brasileira,PI,-4.1184,-41.671,Brasileira
brejo do piaui,PI,-8.3432,-42.817,Brejo Do Piauí
buriti dos lopes,PI,-3.2867,-41.8116,Buriti Dos Lopes
buriti dos montes,PI,-5.1211,-41.1822,Buriti Dos Montes
cabeceiras do piaui,PI,-4.4243,-42.3634,Cabeceiras Do Piauí
cajazeiras do piaui,PI,-6.7715,-42.471,Cajazeiras Do Piauí
cajueiro da praia,PI,-2.9845,-41.3569,Cajueiro Da Praia
caldeirao grande do piaui,PI,-7.3014,-40.6349,Caldeirão Grande Do Piauí
campinas do piaui,PI,-7.6389,-41.8751,Campinas Do Piauí
campo alegre do fidalgo,PI,-8.2333,-41.7699,Campo Alegre Do Fidalgo
campo grande do piaui,PI,-7.1928,-41.0605,Campo Grande Do Piauí
campo largo do piaui,PI,-3.861,-42.5711,Campo Largo Do Piauí
campo maior,PI,-4.8063,-42.129,Campo Maior
canavieira,PI,-7.4664,-43.58,Canavieira
canto do buriti,PI,-8.195,-43.1661,Canto Do Buriti
capitao de campos,PI,-4.4984,-41.9154,Capitão De Campos
capitao gervasio oliveira,PI,-8.5462,-41.9066,Capitão Gervásio Oliveira
caracol,PI,-9.1229,-43.3471,Caracol
caraubas do piaui,PI,-3.5495,-41.8178,Caraúbas Do Piauí
caridade do piaui,PI,-7.6975,-40.9351,Caridade Do Piauí
castelo do piaui,PI,-5.3114,-41.6177,Castelo Do Piauí
caxingo,PI,-3.3924,-41.8694,Caxingó
cocal,PI,-3.4376,-41.5099,Cocal
cocal de telha,PI,-4.6164,-41.9891,Cocal De Telha
cocal dos alves,PI,-3.6222,-41.4189,Cocal Dos Alves
coivaras,PI,-5.1427,-42.2639,Coivaras
colonia do gurgueia,PI,-8.1423,-43.6752,Colônia Do Gurguéia
colonia do piaui,PI,-7.2581,-42.1669,Colônia Do Piauí
conceicao do caninde,PI,-7.8896,-41.5475,Conceição Do Canindé
coronel jose dias,PI,-8.9598,-42.2887,Coronel José Dias
corrente,PI,-10.4544,-45.0964,Corrente
cristalandia do piaui,PI,-10.7432,-45.1375,Cristalândia Do Piauí
cristino castro,PI,-8.746,-44.0443,Cristino Castro
curimata,PI,-9.9328,-44.3188,Curimatá
currais,PI,-8.7678,-44.7606,Currais
curralinhos,PI,-5.5958,-42.8581,Curralinhos
curral novo do piaui,PI,-7.882,-40.7431,Curral Novo Do Piauí
demerval lobao,PI,-5.3223,-42.6521,Demerval Lobão
dirceu arcoverde,PI,-9.3557,-42.4547,Dirceu Arcoverde
dom expedito lopes,PI,-6.9646,-41.6977,Dom Expedito Lopes
domingos mourao,PI,-4.2336,-41.3264,Domingos Mourão
dom inocencio,PI,-8.8764,-41.8622,Dom Inocêncio
elesbao veloso,PI,-6.1878,-42.1824,Elesbão Veloso
eliseu martins,PI,-7.977,-43.6776,Eliseu Martins
esperantina,PI,-3.8269,-42.1944,Esperantina
fartura do piaui,PI,-9.4843,-42.7847,Fartura Do Piauí
flores do piaui,PI,-7.6334,-42.8137,Flores Do Piauí
floresta do piaui,PI,-7.481,-41.7939,Floresta Do Piauí
floriano,PI,-6.9619,-43.0841,Floriano
francinopolis,PI,-6.4302,-42.2251,Francinópolis
francisco ayres,PI,-6.699,-42.6897,Francisco Ayres
francisco macedo,PI,-7.3162,-40.774,Francisco Macedo
francisco santos,PI,-7.0637,-41.1521,Francisco Santos
fronteiras,PI,-7.045,-40.5854,Fronteiras
geminiano,PI,-7.1966,-41.3147,Geminiano
gilbues,PI,-9.6939,-45.4255,Gilbués
guadalupe,PI,-6.8127,-43.7528,Guadalupe
guaribas,PI,-9.0256,-43.5981,Guaribas
hugo napoleao,PI,-6.0238,-42.5,Hugo Napoleão
ilha grande,PI,-2.828,-41.8107,Ilha Grande
inhuma,PI,-6.6746,-41.7274,Inhuma
ipiranga do piaui,PI,-6.8046,-41.7811,Ipiranga Do Piauí
isaias coelho,PI,-7.6539,-41.643,Isaías Coelho
itainopolis,PI,-7.4016,-41.4852,Itainópolis
itaueira,PI,-7.4984,-43.0507,Itaueira
jacobina do piaui,PI,-7.8961,-41.2349,Jacobina Do Piauí
jaicos,PI,-7.3972,-41.2071,Jaicós
jardim do mulato,PI,-6.1325,-42.5418,Jardim Do Mulato
jatoba do piaui,PI,-4.8252,-41.929,Jatobá Do Piauí
jerumenha,PI,-7.1162,-43.5202,Jerumenha
joao costa,PI,-8.5488,-42.4171,João Costa
joaquim pires,PI,-3.5026,-42.1206,Joaquim Pires
joca marques,PI,-3.5478,-42.4298,Joca Marques
jose de freitas,PI,-4.6762,-42.5784,José De Freitas
juazeiro do piaui,PI,-4.9418,-41.5732,Juazeiro Do Piauí
julio borges,PI,-10.4628,-44.1599,Júlio Borges
jurema,PI,-9.1039,-43.1348,Jurema
lagoinha do piaui,PI,-5.819,-42.6231,Lagoinha Do Piauí
lagoa alegre,PI,-4.4829,-42.5584,Lagoa Alegre
lagoa do barro do piaui,PI,-8.5602,-41.5725,Lagoa Do Barro Do Piauí
lagoa de sao francisco,PI,-4.3689,-41.5946,Lagoa De São Francisco
lagoa do piaui,PI,-5.4723,-42.5929,Lagoa Do Piauí
lagoa do sitio,PI,-6.4751,-41.4547,Lagoa Do Sítio
landri sales,PI,-7.2622,-43.921,Landri Sales
luis correia,PI,-3.0623,-41.5007,Luís Correia
luzilandia,PI,-3.6065,-42.3704,Luzilândia
madeiro,PI,-3.5486,-42.5195,Madeiro
manoel emidio,PI,-8.2106,-43.9338,Manoel Emídio
marcolandia,PI,-7.4259,-40.7342,Marcolândia
marcos parente,PI,-7.0694,-43.8641,Marcos Parente
massape do piaui,PI,-7.5398,-41.0856,Massapê Do Piauí
matias olimpio,PI,-3.7278,-42.5585,Matias Olímpio
miguel alves,PI,-4.1985,-42.7753,Miguel Alves
miguel leao,PI,-5.7122,-42.7044,Miguel Leão
milton brandao,PI,-4.7686,-41.4694,Milton Brandão
monsenhor gil,PI,-5.5938,-42.6017,Monsenhor Gil
monsenhor hipolito,PI,-6.9404,-41.0445,Monsenhor Hipólito
monte alegre do piaui,PI,-9.6971,-45.0156,Monte Alegre Do Piauí
morro cabeca no tempo,PI,-9.8671,-43.9258,Morro Cabeça No Tempo
morro do chapeu do piaui,PI,-3.7016,-42.2544,Morro Do Chapéu Do Piauí
murici dos portelas,PI,-3.3594,-42.0097,Murici Dos Portelas
nazare do piaui,PI,-7.1054,-42.7125,Nazaré Do Piauí
nazaria,PI,-5.4534,-42.8763,Nazária
nossa senhora de nazare,PI,-4.6347,-42.1889,Nossa Senhora De Nazaré
nossa senhora dos remedios,PI,-4.0341,-42.6164,Nossa Senhora Dos Remédios
novo oriente do piaui,PI,-6.518,-42.0051,Novo Oriente Do Piauí
novo santo antonio,PI,-5.298,-41.9292,Novo Santo Antônio
oeiras,PI,-6.9625,-42.1583,Oeiras
olho d'agua do piaui,PI,-5.832,-42.5576,Olho D'água Do Piauí
padre marcos,PI,-7.3869,-40.884,Padre Marcos
paes landim,PI,-7.8009,-42.2648,Paes Landim
pajeu do piaui,PI,-7.9268,-42.8508,Pajeú Do Piauí
palmeira do piaui,PI,-8.5535,-44.4272,Palmeira Do Piauí
palmeirais,PI,-5.8054,-42.9866,Palmeirais
paqueta,PI,-7.1506,-41.6842,Paquetá
parnagua,PI,-10.2389,-44.5688,Parnaguá
parnaiba,PI,-2.9281,-41.7493,Parnaíba
passagem franca do piaui,PI,-5.8681,-42.4098,Passagem Franca Do Piauí
patos do piaui,PI,-7.6583,-41.287,Patos Do Piauí
pau d'arco do piaui,PI,-5.2574,-42.4773,Pau D'arco Do Piauí
paulistana,PI,-8.1074,-41.1052,Paulistana
pavussu,PI,-7.9435,-43.297,Pavussu
pedro ii,PI,-4.4803,-41.3799,Pedro Ii
pedro laurentino,PI,-8.0787,-42.2609,Pedro Laurentino
nova santa rita,PI,-8.0685,-42.0235,Nova Santa Rita
picos,PI,-7.0702,-41.5158,Picos
pimenteiras,PI,-6.3398,-41.2846,Pimenteiras
pio ix,PI,-6.8388,-40.6811,Pio Ix
piracuruca,PI,-3.8233,-41.668,Piracuruca
piripiri,PI,-4.3183,-41.7724,Piripiri
porto,PI,-3.9328,-42.6892,Porto
porto alegre do piaui,PI,-6.9368,-44.1101,Porto Alegre Do Piauí
prata do piaui,PI,-5.7247,-42.16,Prata Do Piauí
queimada nova,PI,-8.4824,-41.3611,Queimada Nova
redencao do gurgueia,PI,-9.5745,-44.5368,Redenção Do Gurguéia
regeneracao,PI,-6.2769,-42.5143,Regeneração
riacho frio,PI,-9.8518,-44.72,Riacho Frio
ribeira do piaui,PI,-7.9442,-42.5989,Ribeira Do Piauí
ribeiro goncalves,PI,-7.949,-45.3986,Ribeiro Gonçalves
rio grande do piaui,PI,-7.7984,-43.1356,Rio Grande Do Piauí
santa cruz do piaui,PI,-7.2356,-41.7573,Santa Cruz Do Piauí
santa cruz dos milagres,PI,-5.8744,-41.9545,Santa Cruz Dos Milagres
santa filomena,PI,-8.9672,-45.7337,Santa Filomena
santa luz,PI,-8.9614,-44.2058,Santa Luz
santana do piaui,PI,-6.9065,-41.5388,Santana Do Piauí
santa rosa do piaui,PI,-6.8083,-42.2311,Santa Rosa Do Piauí
santo antonio de lisboa,PI,-6.88,-41.2114,Santo Antônio De Lisboa
santo antonio dos milagres,PI,-6.0508,-42.6953,Santo Antônio Dos Milagres
santo inacio do piaui,PI,-7.4881,-41.9984,Santo Inácio Do Piauí
sao braz do piaui,PI,-8.925,-43.0002,São Braz Do Piauí
sao felix do piaui,PI,-5.8828,-42.1045,São Félix Do Piauí
sao francisco de assis do piaui,PI,-8.2064,-41.5584,São Francisco De Assis Do Piauí
sao francisco do piaui,PI,-7.1792,-42.5242,São Francisco Do Piauí
sao goncalo do gurgueia,PI,-10.092,-45.3691,São Gonçalo Do Gurguéia
sao goncalo do piaui,PI,-6.0219,-42.67,São Gonçalo Do Piauí
sao joao da canabrava,PI,-6.7329,-41.3844,São João Da Canabrava
sao joao da fronteira,PI,-3.9878,-41.2406,São João Da Fronteira
sao joao da serra,PI,-5.4917,-41.8054,São João Da Serra
sao joao da varjota,PI,-6.9599,-41.8758,São João Da Varjota
sao joao do arraial,PI,-3.7979,-42.4388,São João Do Arraial
sao joao do piaui,PI,-8.2792,-42.281,São João Do Piauí
sao jose do divino,PI,-3.7709,-41.8579,São José Do Divino
sao jose do peixe,PI,-7.432,-42.6204,São José Do Peixe
sao jose do piaui,PI,-6.7869,-41.4734,São José Do Piauí
sao juliao,PI,-7.0687,-40.8357,São Julião
sao lourenco do piaui,PI,-9.1337,-42.4882,São Lourenço Do Piauí
sao luis do piaui,PI,-6.7733,-41.2623,São Luis Do Piauí
sao miguel da baixa grande,PI,-5.7919,-42.2749,São Miguel Da Baixa Grande
sao miguel do fidalgo,PI,-7.5943,-42.3082,São Miguel Do Fidalgo
sao miguel do tapuio,PI,-5.7119,-41.5171,São Miguel Do Tapuio
sao pedro do piaui,PI,-5.8157,-42.7791,São Pedro Do Piauí
sao raimundo nonato,PI,-9.0661,-42.6502,São Raimundo Nonato
sebastiao barros,PI,-10.6531,-44.8302,Sebastião Barros
sebastiao leal,PI,-7.5565,-44.0121,Sebastião Leal
sigefredo pacheco,PI,-4.9048,-41.7755,Sigefredo Pacheco
simoes,PI,-7.7416,-40.7293,Simões
simplicio mendes,PI,-7.8396,-41.9662,Simplício Mendes
socorro do piaui,PI,-7.8814,-42.4937,Socorro Do Piauí
sussuapara,PI,-6.9995,-41.3718,Sussuapara
tamboril do piaui,PI,-8.4974,-43.0741,Tamboril Do Piauí
tanque do piaui,PI,-6.6618,-42.268,Tanque Do Piauí
teresina,PI,-5.2821,-42.7999,Teresina
uniao,PI,-4.5881,-42.8313,União
urucui,PI,-7.3905,-44.5672,Uruçuí
valenca do piaui,PI,-6.3547,-41.8095,Valença Do Piauí
varzea branca,PI,-9.3007,-42.9206,Várzea Branca
varzea grande,PI,-6.5676,-42.1997,Várzea Grande
vera mendes,PI,-7.5735,-41.5165,Vera Mendes
vila nova do piaui,PI,-7.2064,-40.9314,Vila Nova Do Piauí
wall ferraz,PI,-7.269,-41.8618,Wall Ferraz
abaiara,CE,-7.3393,-39.0472,Abaiara
acarape,CE,-4.2228,-38.6558,Acarape
acarau,CE,-2.9851,-40.1107,Acaraú
acopiara,CE,-6.1123,-39.4633,Acopiara
aiuaba,CE,-6.613,-40.2801,Aiuaba
alcantaras,CE,-3.5858,-40.5404,Alcântaras
altaneira,CE,-6.9854,-39.6986,Altaneira
alto santo,CE,-5.4951,-38.2363,Alto Santo
amontada,CE,-3.2122,-39.7751,Amontada
antonina do norte,CE,-6.7463,-39.9972,Antonina Do Norte
apuiares,CE,-3.9475,-39.3343,Apuiarés
aquiraz,CE,-3.9518,-38.3983,Aquiraz
aracati,CE,-4.6358,-37.7211,Aracati
aracoiaba,CE,-4.4757,-38.6932,Aracoiaba
ararenda,CE,-4.7788,-40.7501,Ararendá
araripe,CE,-7.1942,-40.1199,Araripe
aratuba,CE,-4.414,-39.0329,Aratuba
arneiroz,CE,-6.2232,-40.082,Arneiroz
assare,CE,-6.9157,-39.8289,Assaré
aurora,CE,-7.0122,-38.9449,Aurora
baixio,CE,-6.7116,-38.7696,Baixio
banabuiu,CE,-5.2777,-38.9038,Banabuiú
barbalha,CE,-7.4055,-39.322,Barbalha
barreira,CE,-4.3143,-38.6133,Barreira
barro,CE,-7.131,-38.7584,Barro
barroquinha,CE,-2.9963,-41.1795,Barroquinha
baturite,CE,-4.3692,-38.8437,Baturité
beberibe,CE,-4.4164,-38.0981,Beberibe
bela cruz,CE,-3.0588,-40.2888,Bela Cruz
boa viagem,CE,-5.0537,-39.8179,Boa Viagem
brejo santo,CE,-7.5733,-38.9161,Brejo Santo
camocim,CE,-2.9504,-40.8161,Camocim
campos sales,CE,-6.92,-40.2523,Campos Sales
caninde,CE,-4.4083,-39.4773,Canindé
capistrano,CE,-4.4639,-38.9201,Capistrano
caridade,CE,-4.217,-39.0648,Caridade
carire,CE,-3.9371,-40.5552,Cariré
caririacu,CE,-7.0284,-39.2679,Caririaçu
carius,CE,-6.6539,-39.4613,Cariús
carnaubal,CE,-4.1165,-41.0166,Carnaubal
cascavel,CE,-4.2296,-38.3023,Cascavel
catarina,CE,-6.2448,-39.9302,Catarina
catunda,CE,-4.5976,-40.176,Catunda
caucaia,CE,-3.7785,-38.8103,Caucaia
cedro,CE,-6.568,-39.1238,Cedro
chaval,CE,-3.074,-41.2286,Chaval
choro,CE,-4.7483,-39.1877,Choró
chorozinho,CE,-4.2871,-38.4517,Chorozinho
coreau,CE,-3.6374,-40.7102,Coreaú
crateus,CE,-5.2489,-40.7725,Crateús
crato,CE,-7.2777,-39.4695,Crato
croata,CE,-4.3693,-40.9182,Croatá
cruz,CE,-2.8974,-40.335,Cruz
deputado irapuan pinheiro,CE,-5.8961,-39.2777,Deputado Irapuan Pinheiro
erere,CE,-5.9885,-38.3155,Ereré
eusebio,CE,-3.864,-38.4498,Eusébio
farias brito,CE,-6.9159,-39.573,Farias Brito
forquilha,CE,-3.8029,-40.2425,Forquilha
fortaleza,CE,-3.7759,-38.526,Fortaleza
fortim,CE,-4.4493,-37.8502,Fortim
frecheirinha,CE,-3.7011,-40.8282,Frecheirinha
general sampaio,CE,-4.0775,-39.4455,General Sampaio
graca,CE,-4.0518,-40.7556,Graça
granja,CE,-3.2766,-40.9359,Granja
granjeiro,CE,-6.9205,-39.2668,Granjeiro
groairas,CE,-3.8911,-40.3643,Groaíras
guaiuba,CE,-4.0958,-38.6637,Guaiúba
guaraciaba do norte,CE,-4.2368,-40.905,Guaraciaba Do Norte
guaramiranga,CE,-4.2395,-38.961,Guaramiranga
hidrolandia,CE,-4.4673,-40.3992,Hidrolândia
horizonte,CE,-4.092,-38.4876,Horizonte
ibaretama,CE,-4.7511,-38.7117,Ibaretama
ibiapina,CE,-3.9444,-40.9767,Ibiapina
ibicuitinga,CE,-4.975,-38.5463,Ibicuitinga
icapui,CE,-4.7369,-37.4171,Icapuí
ico,CE,-6.3434,-38.7707,Icó
iguatu,CE,-6.3402,-39.2912,Iguatu
independencia,CE,-5.488,-40.3242,Independência
ipaporanga,CE,-4.8713,-40.8003,Ipaporanga
ipaumirim,CE,-6.7999,-38.7584,Ipaumirim
ipu,CE,-4.3513,-40.677,Ipu
ipueiras,CE,-4.5599,-40.8728,Ipueiras
iracema,CE,-5.7874,-38.3517,Iracema
iraucuba,CE,-3.913,-39.8224,Irauçuba
itaicaba,CE,-4.7143,-37.8358,Itaiçaba
itaitinga,CE,-3.985,-38.5525,Itaitinga
itapaje,CE,-3.73,-39.5456,Itapajé
itapipoca,CE,-3.3975,-39.5975,Itapipoca
itapiuna,CE,-4.5854,-38.9545,Itapiúna
itarema,CE,-3.0683,-39.9198,Itarema
itatira,CE,-4.5995,-39.5835,Itatira
jaguaretama,CE,-5.4893,-38.7207,Jaguaretama
jaguaribara,CE,-5.6224,-38.5108,Jaguaribara
jaguaribe,CE,-5.9924,-38.6884,Jaguaribe
jaguaruana,CE,-4.8191,-37.7702,Jaguaruana
jardim,CE,-7.6258,-39.2148,Jardim
jati,CE,-7.7151,-38.9836,Jati
jijoca de jericoacoara,CE,-2.8857,-40.4863,Jijoca De Jericoacoara
juazeiro do norte,CE,-7.1486,-39.2764,Juazeiro Do Norte
jucas,CE,-6.4644,-39.6202,Jucás
lavras da mangabeira,CE,-6.7456,-38.9664,Lavras Da Mangabeira
limoeiro do norte,CE,-5.1287,-38.088,Limoeiro Do Norte
madalena,CE,-4.8623,-39.4829,Madalena
maracanau,CE,-3.8667,-38.6294,Maracanaú
maranguape,CE,-4.0029,-38.791,Maranguape
marco,CE,-3.1744,-40.2968,Marco
martinopole,CE,-3.1827,-40.629,Martinópole
massape,CE,-3.477,-40.3893,Massapê
mauriti,CE,-7.4058,-38.6743,Mauriti
meruoca,CE,-3.5688,-40.4578,Meruoca
milagres,CE,-7.2415,-38.9485,Milagres
milha,CE,-5.6222,-39.1829,Milhã
miraima,CE,-3.5726,-39.8939,Miraíma
missao velha,CE,-7.2979,-39.1493,Missão Velha
mombaca,CE,-5.7938,-39.8035,Mombaça
monsenhor tabosa,CE,-4.9029,-40.0533,Monsenhor Tabosa
morada nova,CE,-4.8951,-38.4452,Morada Nova
moraujo,CE,-3.4474,-40.6686,Moraújo
morrinhos,CE,-3.298,-40.1372,Morrinhos
mucambo,CE,-3.8841,-40.7662,Mucambo
mulungu,CE,-4.3089,-39.0059,Mulungu
nova olinda,CE,-7.0627,-39.6671,Nova Olinda
nova russas,CE,-4.6843,-40.5346,Nova Russas
novo oriente,CE,-5.5612,-40.7524,Novo Oriente
ocara,CE,-4.5171,-38.4935,Ocara
oros,CE,-6.2435,-38.9607,Orós
pacajus,CE,-4.182,-38.51,Pacajus
pacatuba,CE,-3.9434,-38.6001,Pacatuba
pacoti,CE,-4.2047,-38.9066,Pacoti
pacuja,CE,-3.9813,-40.6688,Pacujá
palhano,CE,-4.6847,-38.0238,Palhano
palmacia,CE,-4.1225,-38.8578,Palmácia
paracuru,CE,-3.4907,-39.0598,Paracuru
paraipaba,CE,-3.4126,-39.1616,Paraipaba
parambu,CE,-6.2828,-40.5912,Parambu
paramoti,CE,-4.1314,-39.3529,Paramoti
pedra branca,CE,-5.5127,-39.8825,Pedra Branca
penaforte,CE,-7.7903,-39.0383,Penaforte
pentecoste,CE,-3.8239,-39.1852,Pentecoste
pereiro,CE,-5.9807,-38.4847,Pereiro
pindoretama,CE,-4.055,-38.3024,Pindoretama
piquet carneiro,CE,-5.86,-39.4261,Piquet Carneiro
pires ferreira,CE,-4.2587,-40.5804,Pires Ferreira
poranga,CE,-4.8013,-41.0959,Poranga
porteiras,CE,-7.5417,-39.1049,Porteiras
potengi,CE,-7.0529,-40.0277,Potengi
potiretama,CE,-5.7496,-38.1583,Potiretama
quiterianopolis,CE,-5.8772,-40.721,Quiterianópolis
quixada,CE,-4.9438,-38.962,Quixadá
quixelo,CE,-6.1723,-39.1349,Quixelô
quixeramobim,CE,-5.1868,-39.3013,Quixeramobim
quixere,CE,-5.0751,-37.8731,Quixeré
redencao,CE,-4.2563,-38.7556,Redenção
reriutaba,CE,-4.0938,-40.5838,Reriutaba
russas,CE,-4.8592,-38.1369,Russas
saboeiro,CE,-6.4758,-39.874,Saboeiro
salitre,CE,-7.162,-40.2843,Salitre
santana do acarau,CE,-3.468,-40.172,Santana Do Acaraú
santana do cariri,CE,-7.195,-39.7492,Santana Do Cariri
santa quiteria,CE,-4.3857,-39.9898,Santa Quitéria
sao benedito,CE,-4.0607,-40.9671,São Benedito
sao goncalo do amarante,CE,-3.5892,-39.0394,São Gonçalo Do Amarante
sao joao do jaguaribe,CE,-5.3183,-38.2669,São João Do Jaguaribe
sao luis do curu,CE,-3.65,-39.2686,São Luís Do Curu
senador pompeu,CE,-5.5737,-39.4885,Senador Pompeu
senador sa,CE,-3.2922,-40.4892,Senador Sá
sobral,CE,-3.8138,-40.1946,Sobral
solonopole,CE,-5.8266,-39.015,Solonópole
tabuleiro do norte,CE,-5.2832,-38.0909,Tabuleiro Do Norte
tamboril,CE,-4.9333,-40.3001,Tamboril
tarrafas,CE,-6.7352,-39.7004,Tarrafas
taua,CE,-5.8648,-40.2716,Tauá
tejucuoca,CE,-3.9346,-39.568,Tejuçuoca
tiangua,CE,-3.6646,-41.0124,Tianguá
trairi,CE,-3.3664,-39.3637,Trairi
tururu,CE,-3.5668,-39.4324,Tururu
ubajara,CE,-3.8607,-40.988,Ubajara
umari,CE,-6.6097,-38.7213,Umari
umirim,CE,-3.6866,-39.3808,Umirim
uruburetama,CE,-3.6215,-39.5203,Uruburetama
uruoca,CE,-3.3323,-40.7153,Uruoca
varjota,CE,-4.1617,-40.5059,Varjota
varzea alegre,CE,-6.7447,-39.3269,Várzea Alegre
vicosa do ceara,CE,-3.517,-41.1918,Viçosa Do Ceará
acari,RN,-6.4004,-36.6663,Acari
acu,RN,-5.5828,-36.9633,Açu
afonso bezerra,RN,-5.469,-36.6137,Afonso Bezerra
agua nova,RN,-6.1997,-38.3137,Água Nova
alexandria,RN,-6.3803,-37.9765,Alexandria
almino afonso,RN,-6.1605,-37.7632,Almino Afonso
alto do rodrigues,RN,-5.3558,-36.7298,Alto Do Rodrigues
angicos,RN,-5.6569,-36.5185,Angicos
antonio martins,RN,-6.185,-37.9291,Antônio Martins
apodi,RN,-5.6381,-37.8788,Apodi
areia branca,RN,-4.9832,-37.0437,Areia Branca
ares,RN,-6.1889,-35.1989,Arês
campo grande,RN,-5.921,-37.2872,Campo Grande
baia formosa,RN,-6.4169,-35.0594,Baía Formosa
barauna,RN,-5.0291,-37.5922,Baraúna
barcelona,RN,-5.9558,-35.9415,Barcelona
bento fernandes,RN,-5.6505,-35.8193,Bento Fernandes
bodo,RN,-5.9499,-36.4216,Bodó
bom jesus,RN,-5.9993,-35.5859,Bom Jesus
brejinho,RN,-6.2216,-35.3824,Brejinho
caicara do norte,RN,-5.1759,-36.0655,Caiçara Do Norte
caicara do rio do vento,RN,-5.7821,-36.0107,Caiçara Do Rio Do Vento
caico,RN,-6.4384,-37.0231,Caicó
campo redondo,RN,-6.2383,-36.2275,Campo Redondo
canguaretama,RN,-6.3661,-35.1295,Canguaretama
caraubas,RN,-5.7558,-37.5614,Caraúbas
carnauba dos dantas,RN,-6.559,-36.5477,Carnaúba Dos Dantas
carnaubais,RN,-5.2691,-36.8608,Carnaubais
ceara-mirim,RN,-5.6032,-35.4078,Ceará-Mirim
cerro cora,RN,-5.9572,-36.3245,Cerro Corá
coronel ezequiel,RN,-6.35,-36.199,Coronel Ezequiel
coronel joao pessoa,RN,-6.2388,-38.4193,Coronel João Pessoa
cruzeta,RN,-6.357,-36.838,Cruzeta
currais novos,RN,-6.2093,-36.4559,Currais Novos
doutor severiano,RN,-6.1039,-38.3962,Doutor Severiano
parnamirim,RN,-5.9237,-35.2179,Parnamirim
encanto,RN,-6.1209,-38.3065,Encanto
equador,RN,-6.8768,-36.6626,Equador
espirito santo,RN,-6.2892,-35.3029,Espírito Santo
extremoz,RN,-5.6818,-35.2555,Extremoz
felipe guerra,RN,-5.5241,-37.6488,Felipe Guerra
fernando pedroza,RN,-5.76,-36.4304,Fernando Pedroza
florania,RN,-6.1612,-36.8304,Florânia
francisco dantas,RN,-6.0416,-38.0893,Francisco Dantas
frutuoso gomes,RN,-6.1405,-37.8532,Frutuoso Gomes
galinhos,RN,-5.1389,-36.2073,Galinhos
goianinha,RN,-6.2835,-35.2072,Goianinha
governador dix-sept rosado,RN,-5.4269,-37.5401,Governador Dix-Sept Rosado
grossos,RN,-4.9513,-37.2051,Grossos
guamare,RN,-5.1484,-36.3583,Guamaré
ielmo marinho,RN,-5.7738,-35.5395,Ielmo Marinho
ipanguacu,RN,-5.5503,-36.7904,Ipanguaçu
ipueira,RN,-6.7615,-37.172,Ipueira
itaja,RN,-5.6821,-36.7968,Itajá
itau,RN,-5.8044,-37.9098,Itaú
jacana,RN,-6.4024,-36.2382,Jaçanã
jandaira,RN,-5.3601,-36.1251,Jandaíra
janduis,RN,-5.9803,-37.4648,Janduís
januario cicco,RN,-6.1508,-35.6164,Januário Cicco
japi,RN,-6.4041,-35.8805,Japi
jardim de angicos,RN,-5.6372,-35.9682,Jardim De Angicos
jardim de piranhas,RN,-6.2814,-37.2617,Jardim De Piranhas
jardim do serido,RN,-6.5852,-36.7965,Jardim Do Seridó
joao camara,RN,-5.4964,-35.8411,João Câmara
joao dias,RN,-6.2867,-37.8173,João Dias
jose da penha,RN,-6.3403,-38.2799,José Da Penha
jucurutu,RN,-6.0618,-36.9986,Jucurutu
jundia,RN,-6.2365,-35.3354,Jundiá
lagoa d'anta,RN,-6.3722,-35.6238,Lagoa D'anta
lagoa de pedras,RN,-6.1878,-35.4583,Lagoa De Pedras
lagoa de velhos,RN,-6.0125,-35.8278,Lagoa De Velhos
lagoa nova,RN,-6.1068,-36.4962,Lagoa Nova
lagoa salgada,RN,-6.139,-35.5212,Lagoa Salgada
lajes,RN,-5.6648,-36.1794,Lajes
lajes pintadas,RN,-6.1383,-36.1418,Lajes Pintadas
lucrecia,RN,-6.1074,-37.8173,Lucrécia
luis gomes,RN,-6.3662,-38.4084,Luís Gomes
macaiba,RN,-5.9245,-35.4437,Macaíba
macau,RN,-5.191,-36.5494,Macau
major sales,RN,-6.4002,-38.3206,Major Sales
marcelino vieira,RN,-6.3129,-38.1717,Marcelino Vieira
martins,RN,-6.1137,-37.9047,Martins
maxaranguape,RN,-5.4525,-35.3582,Maxaranguape
messias targino,RN,-6.0805,-37.4828,Messias Targino
montanhas,RN,-6.491,-35.2869,Montanhas
monte alegre,RN,-6.0811,-35.435,Monte Alegre
monte das gameleiras,RN,-6.4427,-35.8006,Monte Das Gameleiras
mossoro,RN,-5.1055,-37.2932,Mossoró
natal,RN,-5.7883,-35.2439,Natal
nisia floresta,RN,-6.0508,-35.1872,Nísia Floresta
nova cruz,RN,-6.4381,-35.4184,Nova Cruz
olho d'agua do borges,RN,-5.9839,-37.7041,Olho D'água Do Borges
ouro branco,RN,-6.6698,-36.9012,Ouro Branco
parana,RN,-6.438,-38.2822,Paraná
parau,RN,-5.7692,-37.1309,Paraú
parazinho,RN,-5.3067,-35.9652,Parazinho
parelhas,RN,-6.7143,-36.6298,Parelhas
rio do fogo,RN,-5.3802,-35.3878,Rio Do Fogo
passa e fica,RN,-6.4447,-35.6057,Passa E Fica
passagem,RN,-6.278,-35.3928,Passagem
patu,RN,-6.0963,-37.596,Patu
santa maria,RN,-5.8007,-35.7116,Santa Maria
pau dos ferros,RN,-6.1183,-38.1739,Pau Dos Ferros
pedra grande,RN,-5.1288,-35.8783,Pedra Grande
pedra preta,RN,-5.5185,-36.0873,Pedra Preta
pedro avelino,RN,-5.4542,-36.3087,Pedro Avelino
pedro velho,RN,-6.4521,-35.2411,Pedro Velho
pendencias,RN,-5.2905,-36.6117,Pendências
piloes,RN,-6.2959,-38.0282,Pilões
poco branco,RN,-5.5571,-35.6947,Poço Branco
portalegre,RN,-6.0171,-38.0292,Portalegre
porto do mangue,RN,-5.0879,-36.8355,Porto Do Mangue
serra caiada,RN,-6.1097,-35.732,Serra Caiada
pureza,RN,-5.4114,-35.5767,Pureza
rafael fernandes,RN,-6.1886,-38.2332,Rafael Fernandes
rafael godeiro,RN,-6.0551,-37.739,Rafael Godeiro
riacho da cruz,RN,-5.9366,-37.9706,Riacho Da Cruz
riacho de santana,RN,-6.2746,-38.3298,Riacho De Santana
riachuelo,RN,-5.7956,-35.8523,Riachuelo
rodolfo fernandes,RN,-5.8652,-38.0848,Rodolfo Fernandes
tibau,RN,-4.9011,-37.3151,Tibau
ruy barbosa,RN,-5.8526,-35.9395,Ruy Barbosa
santa cruz,RN,-6.228,-36.0124,Santa Cruz
santana do matos,RN,-5.8966,-36.5958,Santana Do Matos
santana do serido,RN,-6.7228,-36.7567,Santana Do Seridó
santo antonio,RN,-6.3315,-35.5052,Santo Antônio
sao bento do norte,RN,-5.1181,-35.9986,São Bento Do Norte
sao bento do trairi,RN,-6.4,-36.0388,São Bento Do Trairí
sao fernando,RN,-6.2982,-37.1379,São Fernando
sao francisco do oeste,RN,-5.9799,-38.1697,São Francisco Do Oeste
sao goncalo do amarante,RN,-5.7633,-35.3235,São Gonçalo Do Amarante
sao joao do sabugi,RN,-6.6919,-37.1811,São João Do Sabugi
sao jose de mipibu,RN,-6.0714,-35.2996,São José De Mipibu
sao jose do campestre,RN,-6.3026,-35.7663,São José Do Campestre
sao jose do serido,RN,-6.4702,-36.8366,São José Do Seridó
sao miguel,RN,-6.2148,-38.4672,São Miguel
sao miguel do gostoso,RN,-5.1861,-35.7437,São Miguel Do Gostoso
sao paulo do potengi,RN,-5.9157,-35.7516,São Paulo Do Potengi
sao pedro,RN,-5.865,-35.6244,São Pedro
sao rafael,RN,-5.8286,-36.8975,São Rafael
sao tome,RN,-5.978,-36.1171,São Tomé
sao vicente,RN,-6.2248,-36.6551,São Vicente
senador eloi de souza,RN,-6.0397,-35.6754,Senador Elói De Souza
senador georgino avelino,RN,-6.1595,-35.1115,Senador Georgino Avelino
serra de sao bento,RN,-6.4374,-35.7099,Serra De São Bento
serra do mel,RN,-5.1062,-37.0065,Serra Do Mel
serra negra do norte,RN,-6.5925,-37.3442,Serra Negra Do Norte
serrinha,RN,-6.2671,-35.5776,Serrinha
serrinha dos pintos,RN,-6.1506,-37.9908,Serrinha Dos Pintos
severiano melo,RN,-5.7749,-37.9547,Severiano Melo
sitio novo,RN,-6.1001,-35.9483,Sítio Novo
taboleiro grande,RN,-5.9248,-38.0265,Taboleiro Grande
taipu,RN,-5.59,-35.569,Taipu
tangara,RN,-6.2182,-35.7985,Tangará
tenente ananias,RN,-6.4352,-38.1595,Tenente Ananias
tenente laurentino cruz,RN,-6.1553,-36.7207,Tenente Laurentino Cruz
tibau do sul,RN,-6.2367,-35.0863,Tibau Do Sul
timbauba dos batistas,RN,-6.4652,-37.2379,Timbaúba Dos Batistas
touros,RN,-5.2923,-35.6179,Touros
triunfo potiguar,RN,-5.9148,-37.1433,Triunfo Potiguar
umarizal,RN,-5.9757,-37.8272,Umarizal
upanema,RN,-5.611,-37.279,Upanema
varzea,RN,-6.329,-35.3554,Várzea
venha-ver,RN,-6.322,-38.5223,Venha-Ver
vera cruz,RN,-6.0471,-35.4367,Vera Cruz
vicosa,RN,-5.9938,-37.9539,Viçosa
vila flor,RN,-6.2971,-35.0784,Vila Flor
agua branca,PB,-7.4865,-37.6848,Água Branca
aguiar,PB,-7.1023,-38.2385,Aguiar
alagoa grande,PB,-7.0373,-35.6094,Alagoa Grande
alagoa nova,PB,-7.0542,-35.7737,Alagoa Nova
alagoinha,PB,-6.9453,-35.5288,Alagoinha
alcantil,PB,-7.6897,-36.0485,Alcantil
algodao de jandaira,PB,-6.8834,-35.9413,Algodão De Jandaíra
alhandra,PB,-7.3441,-34.9302,Alhandra
sao joao do rio do peixe,PB,-6.7234,-38.4082,São João Do Rio Do Peixe
amparo,PB,-7.5602,-37.0247,Amparo
aparecida,PB,-6.7857,-38.0592,Aparecida
aracagi,PB,-6.8531,-35.3615,Araçagi
arara,PB,-6.8579,-35.7267,Arara
araruna,PB,-6.5284,-35.7224,Araruna
areia,PB,-6.9706,-35.7034,Areia
areia de baraunas,PB,-7.0991,-36.9666,Areia De Baraúnas
areial,PB,-7.0443,-35.9338,Areial
aroeiras,PB,-7.5447,-35.6908,Aroeiras
assuncao,PB,-7.0663,-36.7109,Assunção
baia da traicao,PB,-6.646,-34.9935,Baía Da Traição
bananeiras,PB,-6.673,-35.5866,Bananeiras
barauna,PB,-6.613,-36.2696,Baraúna
barra de santana,PB,-7.5647,-35.9721,Barra De Santana
barra de santa rosa,PB,-6.727,-36.0074,Barra De Santa Rosa
barra de sao miguel,PB,-7.7003,-36.2661,Barra De São Miguel
bayeux,PB,-7.1232,-34.9137,Bayeux
belem,PB,-6.7081,-35.4789,Belém
belem do brejo do cruz,PB,-6.1426,-37.3752,Belém Do Brejo Do Cruz
bernardino batista,PB,-6.4799,-38.5505,Bernardino Batista
boa ventura,PB,-7.4218,-38.2006,Boa Ventura
boa vista,PB,-7.2556,-36.1711,Boa Vista
bom jesus,PB,-6.8119,-38.6207,Bom Jesus
bom sucesso,PB,-6.4551,-37.9491,Bom Sucesso
bonito de santa fe,PB,-7.2642,-38.476,Bonito De Santa Fé
boqueirao,PB,-7.4731,-36.1355,Boqueirão
igaracy,PB,-7.1582,-38.1295,Igaracy
borborema,PB,-6.7861,-35.5818,Borborema
brejo do cruz,PB,-6.3081,-37.5021,Brejo Do Cruz
brejo dos santos,PB,-6.3839,-37.8557,Brejo Dos Santos
caapora,PB,-7.4815,-34.9256,Caaporã
cabaceiras,PB,-7.445,-36.2742,Cabaceiras
cabedelo,PB,-7.0107,-34.8509,Cabedelo
cachoeira dos indios,PB,-6.9291,-38.7125,Cachoeira Dos Índios
cacimba de areia,PB,-7.1385,-37.1724,Cacimba De Areia
cacimba de dentro,PB,-6.6373,-35.804,Cacimba De Dentro
cacimbas,PB,-7.2108,-37.0795,Cacimbas
caicara,PB,-6.5988,-35.4021,Caiçara
cajazeiras,PB,-6.9312,-38.5545,Cajazeiras
cajazeirinhas,PB,-6.9554,-37.7878,Cajazeirinhas
caldas brandao,PB,-7.1046,-35.3472,Caldas Brandão
camalau,PB,-7.8764,-36.8028,Camalaú
campina grande,PB,-7.252,-35.9385,Campina Grande
capim,PB,-6.9008,-35.1698,Capim
caraubas,PB,-7.7645,-36.514,Caraúbas
carrapateira,PB,-7.0419,-38.3348,Carrapateira
casserengue,PB,-6.7529,-35.8401,Casserengue
catingueira,PB,-7.146,-37.6012,Catingueira
catole do rocha,PB,-6.3115,-37.7212,Catolé Do Rocha
caturite,PB,-7.4153,-36.0496,Caturité
conceicao,PB,-7.5242,-38.5201,Conceição
condado,PB,-6.8836,-37.6216,Condado
conde,PB,-7.3323,-34.826,Conde
congo,PB,-7.792,-36.628,Congo
coremas,PB,-7.0475,-37.9726,Coremas
coxixola,PB,-7.6513,-36.6184,Coxixola
cruz do espirito santo,PB,-7.1411,-35.1119,Cruz Do Espírito Santo
cubati,PB,-6.848,-36.3278,Cubati
cuite,PB,-6.5286,-36.0496,Cuité
cuitegi,PB,-6.8906,-35.5304,Cuitegi
cuite de mamanguape,PB,-6.8965,-35.2496,Cuité De Mamanguape
curral de cima,PB,-6.7302,-35.2896,Curral De Cima
curral velho,PB,-7.531,-38.1683,Curral Velho
damiao,PB,-6.6514,-35.9399,Damião
desterro,PB,-7.2962,-37.0794,Desterro
vista serrana,PB,-6.7531,-37.5717,Vista Serrana
diamante,PB,-7.4443,-38.313,Diamante
dona ines,PB,-6.6046,-35.6231,Dona Inês
duas estradas,PB,-6.7144,-35.401,Duas Estradas
emas,PB,-7.0978,-37.7683,Emas
esperanca,PB,-7.0032,-35.8882,Esperança
fagundes,PB,-7.3774,-35.779,Fagundes
frei martinho,PB,-6.3988,-36.4254,Frei Martinho
gado bravo,PB,-7.5696,-35.816,Gado Bravo
guarabira,PB,-6.8624,-35.4507,Guarabira
gurinhem,PB,-7.1453,-35.4391,Gurinhém
gurjao,PB,-7.2687,-36.4949,Gurjão
ibiara,PB,-7.5066,-38.4077,Ibiara
imaculada,PB,-7.3665,-37.5664,Imaculada
inga,PB,-7.2436,-35.6248,Ingá
itabaiana,PB,-7.348,-35.3592,Itabaiana
itaporanga,PB,-7.2765,-38.1949,Itaporanga
itapororoca,PB,-6.8118,-35.2617,Itapororoca
itatuba,PB,-7.4054,-35.6453,Itatuba
jacarau,PB,-6.5903,-35.2814,Jacaraú
jerico,PB,-6.5115,-37.8083,Jericó
joao pessoa,PB,-7.1403,-34.8789,João Pessoa
juarez tavora,PB,-7.1596,-35.5536,Juarez Távora
juazeirinho,PB,-7.0344,-36.5803,Juazeirinho
junco do serido,PB,-6.9767,-36.7455,Junco Do Seridó
juripiranga,PB,-7.3533,-35.2038,Juripiranga
juru,PB,-7.518,-37.7849,Juru
lagoa,PB,-6.5897,-37.8887,Lagoa
lagoa de dentro,PB,-6.6733,-35.3498,Lagoa De Dentro
lagoa seca,PB,-7.1456,-35.8716,Lagoa Seca
lastro,PB,-6.5485,-38.1744,Lastro
livramento,PB,-7.3224,-36.9264,Livramento
logradouro,PB,-6.5292,-35.4307,Logradouro
lucena,PB,-6.9263,-34.895,Lucena
mae d'agua,PB,-7.2431,-37.4224,Mãe D'água
malta,PB,-6.8934,-37.525,Malta
mamanguape,PB,-6.6958,-35.1438,Mamanguape
manaira,PB,-7.6975,-38.1827,Manaíra
marcacao,PB,-6.75,-34.9909,Marcação
mari,PB,-7.0244,-35.3108,Mari
marizopolis,PB,-6.8372,-38.3374,Marizópolis
massaranduba,PB,-7.2007,-35.7478,Massaranduba
mataraca,PB,-6.55,-35.0519,Mataraca
matinhas,PB,-7.1129,-35.7633,Matinhas
mato grosso,PB,-6.5512,-37.737,Mato Grosso
matureia,PB,-7.2901,-37.3536,Maturéia
mogeiro,PB,-7.2812,-35.4858,Mogeiro
montadas,PB,-7.0906,-35.9327,Montadas
monte horebe,PB,-7.2066,-38.5167,Monte Horebe
monteiro,PB,-7.8937,-37.169,Monteiro
mulungu,PB,-7.0016,-35.4177,Mulungu
natuba,PB,-7.5683,-35.5653,Natuba
nazarezinho,PB,-6.9425,-38.3338,Nazarezinho
nova floresta,PB,-6.4648,-36.1986,Nova Floresta
nova olinda,PB,-7.4625,-38.0262,Nova Olinda
nova palmeira,PB,-6.6702,-36.425,Nova Palmeira
olho d'agua,PB,-7.2956,-37.7515,Olho D'água
olivedos,PB,-6.981,-36.2348,Olivedos
ouro velho,PB,-7.5949,-37.1232,Ouro Velho
parari,PB,-7.3245,-36.6677,Parari
passagem,PB,-7.1235,-37.0372,Passagem
patos,PB,-7.0109,-37.3366,Patos
paulista,PB,-6.59,-37.5937,Paulista
pedra branca,PB,-7.4486,-38.0786,Pedra Branca
pedra lavrada,PB,-6.7571,-36.3973,Pedra Lavrada
pedras de fogo,PB,-7.3494,-35.0656,Pedras De Fogo
pianco,PB,-7.1852,-37.9499,Piancó
picui,PB,-6.4766,-36.3426,Picuí
pilar,PB,-7.2632,-35.2641,Pilar
piloes,PB,-6.8803,-35.605,Pilões
piloezinhos,PB,-6.8399,-35.534,Pilõezinhos
pirpirituba,PB,-6.7739,-35.4706,Pirpirituba
pitimbu,PB,-7.4298,-34.843,Pitimbu
pocinhos,PB,-7.0245,-36.0866,Pocinhos
poco dantas,PB,-6.3885,-38.5087,Poço Dantas
poco de jose de moura,PB,-6.5788,-38.5013,Poço De José De Moura
pombal,PB,-6.7838,-37.8803,Pombal
prata,PB,-7.6826,-37.0939,Prata
princesa isabel,PB,-7.6385,-38.0124,Princesa Isabel
puxinana,PB,-7.1451,-35.9589,Puxinanã
queimadas,PB,-7.4004,-35.9218,Queimadas
quixaba,PB,-7.0366,-37.1098,Quixaba
remigio,PB,-6.9271,-35.8667,Remígio
pedro regis,PB,-6.6687,-35.2886,Pedro Régis
riachao,PB,-6.5467,-35.6603,Riachão
riachao do bacamarte,PB,-7.2431,-35.6684,Riachão Do Bacamarte
riachao do poco,PB,-7.1482,-35.283,Riachão Do Poço
riacho de santo antonio,PB,-7.6609,-36.125,Riacho De Santo Antônio
riacho dos cavalos,PB,-6.4893,-37.6014,Riacho Dos Cavalos
rio tinto,PB,-6.7705,-35.0404,Rio Tinto
salgadinho,PB,-7.0982,-36.842,Salgadinho
salgado de sao felix,PB,-7.3962,-35.4463,Salgado De São Félix
santa cecilia,PB,-7.7248,-35.9187,Santa Cecília
santa cruz,PB,-6.5337,-38.0544,Santa Cruz
santa helena,PB,-6.7126,-38.5917,Santa Helena
santa ines,PB,-7.6602,-38.567,Santa Inês
santa luzia,PB,-6.9209,-36.9155,Santa Luzia
santana de mangueira,PB,-7.6259,-38.3203,Santana De Mangueira
santana dos garrotes,PB,-7.3663,-37.9608,Santana Dos Garrotes
joca claudino,PB,-6.4666,-38.4857,Joca Claudino
santa rita,PB,-7.0949,-34.9891,Santa Rita
santa teresinha,PB,-7.1003,-37.441,Santa Teresinha
santo andre,PB,-7.2112,-36.5994,Santo André
sao bento,PB,-6.4707,-37.4755,São Bento
sao bentinho,PB,-6.8845,-37.7087,São Bentinho
sao domingos do cariri,PB,-7.583,-36.3885,São Domingos Do Cariri
sao domingos,PB,-6.8104,-37.9413,São Domingos
sao francisco,PB,-6.6236,-38.0449,São Francisco
sao joao do cariri,PB,-7.4361,-36.5058,São João Do Cariri
sao joao do tigre,PB,-8.0937,-36.7341,São João Do Tigre
sao jose da lagoa tapada,PB,-6.9356,-38.1316,São José Da Lagoa Tapada
sao jose de caiana,PB,-7.2488,-38.3129,São José De Caiana
sao jose de espinharas,PB,-6.79,-37.4159,São José De Espinharas
sao jose dos ramos,PB,-7.2419,-35.3628,São José Dos Ramos
sao jose de piranhas,PB,-7.0891,-38.5042,São José De Piranhas
sao jose de princesa,PB,-7.7021,-38.099,São José De Princesa
sao jose do bonfim,PB,-7.1544,-37.3232,São José Do Bonfim
sao jose do brejo do cruz,PB,-6.2438,-37.3687,São José Do Brejo Do Cruz
sao jose do sabugi,PB,-6.8163,-36.8182,São José Do Sabugi
sao jose dos cordeiros,PB,-7.4142,-36.8484,São José Dos Cordeiros
sao mamede,PB,-6.9304,-37.0705,São Mamede
sao miguel de taipu,PB,-7.2288,-35.2009,São Miguel De Taipu
sao sebastiao de lagoa de roca,PB,-7.0802,-35.8565,São Sebastião De Lagoa De Roça
sao sebastiao do umbuzeiro,PB,-8.1642,-37.0182,São Sebastião Do Umbuzeiro
sape,PB,-7.0445,-35.196,Sapé
sao vicente do serido,PB,-6.8928,-36.476,São Vicente Do Seridó
serra branca,PB,-7.5612,-36.7249,Serra Branca
serra da raiz,PB,-6.7111,-35.4511,Serra Da Raiz
serra grande,PB,-7.2271,-38.3765,Serra Grande
serra redonda,PB,-7.1638,-35.6546,Serra Redonda
serraria,PB,-6.8257,-35.6412,Serraria
sertaozinho,PB,-6.7479,-35.4218,Sertãozinho
sobrado,PB,-7.1659,-35.2566,Sobrado
solanea,PB,-6.7449,-35.7193,Solânea
soledade,PB,-7.1065,-36.3658,Soledade
sossego,PB,-6.6931,-36.203,Sossêgo
sousa,PB,-6.7418,-38.2417,Sousa
sume,PB,-7.6321,-36.9224,Sumé
tacima,PB,-6.5441,-35.535,Tacima
taperoa,PB,-7.2114,-36.8131,Taperoá
tavares,PB,-7.6018,-37.8622,Tavares
teixeira,PB,-7.2422,-37.2617,Teixeira
tenorio,PB,-6.9492,-36.6133,Tenório
triunfo,PB,-6.5849,-38.5521,Triunfo
uirauna,PB,-6.5033,-38.3948,Uiraúna
umbuzeiro,PB,-7.6657,-35.7293,Umbuzeiro
varzea,PB,-6.7869,-37.0237,Várzea
vieiropolis,PB,-6.5549,-38.2766,Vieirópolis
zabele,PB,-8.0732,-37.0989,Zabelê
abreu e lima,PE,-7.8761,-35.0053,Abreu E Lima
afogados da ingazeira,PE,-7.7233,-37.6354,Afogados Da Ingazeira
afranio,PE,-8.5901,-41.055,Afrânio
agrestina,PE,-8.4473,-35.9366,Agrestina
agua preta,PE,-8.7057,-35.4766,Água Preta
aguas belas,PE,-9.1103,-37.0332,Águas Belas
alagoinha,PE,-8.5081,-36.7656,Alagoinha
alianca,PE,-7.6027,-35.1624,Aliança
altinho,PE,-8.4702,-36.0822,Altinho
amaraji,PE,-8.3538,-35.4808,Amaraji
angelim,PE,-8.8692,-36.2838,Angelim
aracoiaba,PE,-7.8004,-35.0791,Araçoiaba
araripina,PE,-7.6548,-40.5155,Araripina
arcoverde,PE,-8.3801,-36.9871,Arcoverde
barra de guabiraba,PE,-8.4023,-35.629,Barra De Guabiraba
barreiros,PE,-8.8164,-35.2187,Barreiros
belem de maria,PE,-8.5875,-35.8185,Belém De Maria
belem do sao francisco,PE,-8.5346,-39.0101,Belém Do São Francisco
belo jardim,PE,-8.2743,-36.4309,Belo Jardim
betania,PE,-8.2667,-38.0253,Betânia
bezerros,PE,-8.2441,-35.7835,Bezerros
bodoco,PE,-7.714,-39.9493,Bodocó
bom conselho,PE,-9.1823,-36.6677,Bom Conselho
bom jardim,PE,-7.7637,-35.5517,Bom Jardim
bonito,PE,-8.4921,-35.7001,Bonito
brejao,PE,-9.0063,-36.5471,Brejão
brejinho,PE,-7.3467,-37.3357,Brejinho
brejo da madre de deus,PE,-8.0965,-36.254,Brejo Da Madre De Deus
buenos aires,PE,-7.7301,-35.3482,Buenos Aires
buique,PE,-8.6386,-37.1087,Buíque
cabo de santo agostinho,PE,-8.2511,-35.0931,Cabo De Santo Agostinho
cabrobo,PE,-8.3998,-39.3106,Cabrobó
cachoeirinha,PE,-8.4677,-36.291,Cachoeirinha
caetes,PE,-8.8111,-36.6594,Caetés
calcado,PE,-8.7746,-36.312,Calçado
calumbi,PE,-7.9973,-38.0669,Calumbi
camaragibe,PE,-7.9774,-34.9979,Camaragibe
camocim de sao felix,PE,-8.3355,-35.763,Camocim De São Félix
camutanga,PE,-7.4284,-35.283,Camutanga
canhotinho,PE,-8.874,-36.1805,Canhotinho
capoeiras,PE,-8.6768,-36.5784,Capoeiras
carnaiba,PE,-7.7423,-37.7355,Carnaíba
carnaubeira da penha,PE,-8.4084,-38.7616,Carnaubeira Da Penha
carpina,PE,-7.8176,-35.3164,Carpina
caruaru,PE,-8.204,-35.9945,Caruaru
casinhas,PE,-7.7663,-35.715,Casinhas
catende,PE,-8.6738,-35.7378,Catende
cedro,PE,-7.714,-39.2319,Cedro
cha de alegria,PE,-7.9903,-35.221,Chã De Alegria
cha grande,PE,-8.2202,-35.4709,Chã Grande
condado,PE,-7.5866,-35.084,Condado
correntes,PE,-9.1162,-36.3343,Correntes
cortes,PE,-8.4362,-35.5373,Cortês
cumaru,PE,-8.0242,-35.7211,Cumaru
cupira,PE,-8.5747,-35.9175,Cupira
custodia,PE,-8.1565,-37.6762,Custódia
dormentes,PE,-8.4462,-40.6112,Dormentes
escada,PE,-8.3685,-35.2825,Escada
exu,PE,-7.546,-39.6804,Exu
feira nova,PE,-7.9399,-35.3793,Feira Nova
fernando de noronha,PE,-3.8522,-32.417,Fernando De Noronha
ferreiros,PE,-7.4787,-35.2419,Ferreiros
flores,PE,-7.9413,-37.9163,Flores
floresta,PE,-8.5691,-38.2865,Floresta
frei miguelinho,PE,-7.9292,-35.9023,Frei Miguelinho
gameleira,PE,-8.5989,-35.3979,Gameleira
garanhuns,PE,-8.9309,-36.5317,Garanhuns
gloria do goita,PE,-8.0127,-35.3378,Glória Do Goitá
goiana,PE,-7.5817,-34.9636,Goiana
granito,PE,-7.7567,-39.6621,Granito
gravata,PE,-8.221,-35.5338,Gravatá
iati,PE,-9.1884,-36.9237,Iati
ibimirim,PE,-8.5844,-37.5921,Ibimirim
ibirajuba,PE,-8.6052,-36.2068,Ibirajuba
igarassu,PE,-7.7874,-34.9759,Igarassu
iguaracy,PE,-7.8412,-37.403,Iguaracy
inaja,PE,-8.7951,-37.8043,Inajá
ingazeira,PE,-7.6911,-37.4028,Ingazeira
ipojuca,PE,-8.4398,-35.0484,Ipojuca
ipubi,PE,-7.4842,-40.2304,Ipubi
itacuruba,PE,-8.7654,-38.708,Itacuruba
itaiba,PE,-8.9671,-37.3311,Itaíba
ilha de itamaraca,PE,-7.7716,-34.8468,Ilha De Itamaracá
itambe,PE,-7.4603,-35.1646,Itambé
itapetim,PE,-7.3936,-37.1408,Itapetim
itapissuma,PE,-7.7262,-34.8991,Itapissuma
itaquitinga,PE,-7.6851,-35.0362,Itaquitinga
jaboatao dos guararapes,PE,-8.1628,-34.9891,Jaboatão Dos Guararapes
jaqueira,PE,-8.7301,-35.8121,Jaqueira
jatauba,PE,-8.0594,-36.5729,Jataúba
jatoba,PE,-9.2131,-38.2177,Jatobá
joao alfredo,PE,-7.8568,-35.5762,João Alfredo
joaquim nabuco,PE,-8.5515,-35.5352,Joaquim Nabuco
jucati,PE,-8.7264,-36.4711,Jucati
jupi,PE,-8.7489,-36.3792,Jupi
jurema,PE,-8.7568,-36.1317,Jurema
lagoa do carro,PE,-7.8438,-35.336,Lagoa Do Carro
lagoa de itaenga,PE,-7.9004,-35.2915,Lagoa De Itaenga
lagoa do ouro,PE,-9.1752,-36.464,Lagoa Do Ouro
lagoa dos gatos,PE,-8.6774,-35.8823,Lagoa Dos Gatos
lagoa grande,PE,-8.8303,-40.2116,Lagoa Grande
lajedo,PE,-8.6492,-36.2762,Lajedo
limoeiro,PE,-7.8328,-35.4481,Limoeiro
macaparana,PE,-7.5393,-35.4523,Macaparana
machados,PE,-7.6966,-35.5077,Machados
manari,PE,-8.8998,-37.555,Manari
maraial,PE,-8.8246,-35.7705,Maraial
mirandiba,PE,-8.1443,-38.7245,Mirandiba
moreno,PE,-8.1422,-35.1413,Moreno
nazare da mata,PE,-7.7216,-35.2247,Nazaré Da Mata
olinda,PE,-7.9798,-34.8634,Olinda
orobo,PE,-7.6879,-35.5653,Orobó
oroco,PE,-8.4657,-39.5901,Orocó
ouricuri,PE,-8.0088,-40.1893,Ouricuri
palmares,PE,-8.6464,-35.6327,Palmares
palmeirina,PE,-8.9978,-36.2468,Palmeirina
panelas,PE,-8.6861,-36.0402,Panelas
paranatama,PE,-8.896,-36.7098,Paranatama
parnamirim,PE,-8.1983,-39.7637,Parnamirim
passira,PE,-8.0124,-35.528,Passira
paudalho,PE,-7.8847,-35.1604,Paudalho
paulista,PE,-7.9256,-34.8917,Paulista
pedra,PE,-8.6584,-36.8837,Pedra
pesqueira,PE,-8.4156,-36.7509,Pesqueira
petrolandia,PE,-8.8998,-38.3026,Petrolândia
petrolina,PE,-9.074,-40.5578,Petrolina
pocao,PE,-8.2038,-36.7136,Poção
pombos,PE,-8.1953,-35.3952,Pombos
primavera,PE,-8.3446,-35.3796,Primavera
quipapa,PE,-8.8115,-36.0173,Quipapá
quixaba,PE,-7.7087,-37.8482,Quixaba
recife,PE,-8.0126,-34.9516,Recife
riacho das almas,PE,-8.0901,-35.8583,Riacho Das Almas
ribeirao,PE,-8.4907,-35.3832,Ribeirão
rio formoso,PE,-8.6665,-35.2319,Rio Formoso
saire,PE,-8.3039,-35.6872,Sairé
salgadinho,PE,-7.9083,-35.5957,Salgadinho
salgueiro,PE,-8.0604,-39.0762,Salgueiro
saloa,PE,-8.9983,-36.7311,Saloá
sanharo,PE,-8.3233,-36.5198,Sanharó
santa cruz,PE,-8.2792,-40.2795,Santa Cruz
santa cruz da baixa verde,PE,-7.8391,-38.1731,Santa Cruz Da Baixa Verde
santa cruz do capibaribe,PE,-7.8886,-36.3085,Santa Cruz Do Capibaribe
santa filomena,PE,-8.2541,-40.5855,Santa Filomena
santa maria da boa vista,PE,-8.6211,-39.9187,Santa Maria Da Boa Vista
santa maria do cambuca,PE,-7.8055,-35.8852,Santa Maria Do Cambucá
santa terezinha,PE,-7.415,-37.4357,Santa Terezinha
sao benedito do sul,PE,-8.8094,-35.9145,São Benedito Do Sul
sao bento do una,PE,-8.5321,-36.4769,São Bento Do Una
sao caitano,PE,-8.3284,-36.1508,São Caitano
sao joao,PE,-8.841,-36.3824,São João
sao joaquim do monte,PE,-8.4589,-35.8409,São Joaquim Do Monte
sao jose da coroa grande,PE,-8.8719,-35.1725,São José Da Coroa Grande
sao jose do belmonte,PE,-7.8789,-38.7267,São José Do Belmonte
sao jose do egito,PE,-7.5059,-37.2668,São José Do Egito
sao lourenco da mata,PE,-8.0059,-35.0778,São Lourenço Da Mata
sao vicente ferrer,PE,-7.6004,-35.4888,São Vicente Férrer
serra talhada,PE,-8.0221,-38.355,Serra Talhada
serrita,PE,-7.8288,-39.4256,Serrita
sertania,PE,-8.1799,-37.3384,Sertânia
sirinhaem,PE,-8.5883,-35.1397,Sirinhaém
moreilandia,PE,-7.6012,-39.5119,Moreilândia
solidao,PE,-7.5819,-37.663,Solidão
surubim,PE,-7.8895,-35.7521,Surubim
tabira,PE,-7.589,-37.4999,Tabira
tacaimbo,PE,-8.3473,-36.254,Tacaimbó
tacaratu,PE,-8.8953,-38.026,Tacaratu
tamandare,PE,-8.7438,-35.1903,Tamandaré
taquaritinga do norte,PE,-7.8681,-36.1431,Taquaritinga Do Norte
terezinha,PE,-9.0725,-36.618,Terezinha
terra nova,PE,-8.133,-39.3841,Terra Nova
timbauba,PE,-7.5236,-35.3353,Timbaúba
toritama,PE,-7.9972,-36.0535,Toritama
tracunhaem,PE,-7.7326,-35.1601,Tracunhaém
trindade,PE,-7.7455,-40.2996,Trindade
triunfo,PE,-7.8315,-38.0614,Triunfo
tupanatinga,PE,-8.7241,-37.238,Tupanatinga
tuparetama,PE,-7.6963,-37.2598,Tuparetama
venturosa,PE,-8.5988,-36.7959,Venturosa
verdejante,PE,-7.9751,-38.9998,Verdejante
vertente do lerio,PE,-7.7698,-35.8211,Vertente Do Lério
vertentes,PE,-7.8823,-35.9806,Vertentes
vicencia,PE,-7.6631,-35.3453,Vicência
vitoria de santo antao,PE,-8.1517,-35.2843,Vitória De Santo Antão
xexeu,PE,-8.8349,-35.6434,Xexéu
agua branca,AL,-9.2482,-37.9295,Água Branca
anadia,AL,-9.6589,-36.3309,Anadia
arapiraca,AL,-9.7562,-36.6163,Arapiraca
atalaia,AL,-9.5168,-36.084,Atalaia
barra de santo antonio,AL,-9.3701,-35.554,Barra De Santo Antônio
barra de sao miguel,AL,-9.8081,-35.9457,Barra De São Miguel
batalha,AL,-9.7009,-37.1063,Batalha
belem,AL,-9.5599,-36.4901,Belém
belo monte,AL,-9.8233,-37.19,Belo Monte
boca da mata,AL,-9.6485,-36.1756,Boca Da Mata
branquinha,AL,-9.2085,-36.0299,Branquinha
cacimbinhas,AL,-9.4375,-36.9232,Cacimbinhas
cajueiro,AL,-9.4049,-36.161,Cajueiro
campestre,AL,-8.894,-35.5389,Campestre
campo alegre,AL,-9.8119,-36.2717,Campo Alegre
campo grande,AL,-9.9539,-36.7586,Campo Grande
canapi,AL,-9.1184,-37.5281,Canapi
capela,AL,-9.3187,-36.0826,Capela
carneiros,AL,-9.4776,-37.3665,Carneiros
cha preta,AL,-9.2353,-36.3033,Chã Preta
coite do noia,AL,-9.625,-36.594,Coité Do Nóia
colonia leopoldina,AL,-8.9255,-35.7417,Colônia Leopoldina
coqueiro seco,AL,-9.6417,-35.8124,Coqueiro Seco
coruripe,AL,-10.0817,-36.2402,Coruripe
craibas,AL,-9.6113,-36.7725,Craíbas
delmiro gouveia,AL,-9.4246,-38.0484,Delmiro Gouveia
dois riachos,AL,-9.3751,-37.0602,Dois Riachos
estrela de alagoas,AL,-9.4023,-36.7795,Estrela De Alagoas
feira grande,AL,-9.8961,-36.6562,Feira Grande
feliz deserto,AL,-10.2781,-36.3443,Feliz Deserto
flexeiras,AL,-9.2404,-35.7765,Flexeiras
girau do ponciano,AL,-9.7798,-36.8547,Girau Do Ponciano
ibateguara,AL,-8.9531,-35.9045,Ibateguara
igaci,AL,-9.5593,-36.6758,Igaci
igreja nova,AL,-10.1496,-36.6208,Igreja Nova
inhapi,AL,-9.234,-37.6874,Inhapi
jacare dos homens,AL,-9.644,-37.2397,Jacaré Dos Homens
jacuipe,AL,-8.8833,-35.4487,Jacuípe
japaratinga,AL,-9.0861,-35.3009,Japaratinga
jaramataia,AL,-9.6406,-36.9655,Jaramataia
jequia da praia,AL,-9.8957,-36.1163,Jequiá Da Praia
joaquim gomes,AL,-9.0871,-35.7202,Joaquim Gomes
jundia,AL,-8.9447,-35.5419,Jundiá
junqueiro,AL,-9.8392,-36.4497,Junqueiro
lagoa da canoa,AL,-9.802,-36.7463,Lagoa Da Canoa
limoeiro de anadia,AL,-9.7423,-36.4821,Limoeiro De Anadia
maceio,AL,-9.5754,-35.7138,Maceió
major isidoro,AL,-9.5244,-36.9969,Major Isidoro
maragogi,AL,-8.9251,-35.301,Maragogi
maravilha,AL,-9.2311,-37.3851,Maravilha
marechal deodoro,AL,-9.6889,-35.9172,Marechal Deodoro
maribondo,AL,-9.5622,-36.2792,Maribondo
mar vermelho,AL,-9.4664,-36.4053,Mar Vermelho
mata grande,AL,-9.0148,-37.7573,Mata Grande
matriz de camaragibe,AL,-9.0968,-35.579,Matriz De Camaragibe
messias,AL,-9.3364,-35.8081,Messias
minador do negrao,AL,-9.3277,-36.8685,Minador Do Negrão
monteiropolis,AL,-9.602,-37.2809,Monteirópolis
murici,AL,-9.3136,-35.9655,Murici
novo lino,AL,-8.9617,-35.6254,Novo Lino
olho d'agua das flores,AL,-9.5393,-37.2533,Olho D'água Das Flores
olho d'agua do casado,AL,-9.4271,-37.8029,Olho D'água Do Casado
olho d'agua grande,AL,-10.0461,-36.8086,Olho D'água Grande
olivenca,AL,-9.4778,-37.1592,Olivença
ouro branco,AL,-9.1149,-37.3711,Ouro Branco
palestina,AL,-9.6767,-37.2969,Palestina
palmeira dos indios,AL,-9.4235,-36.6091,Palmeira Dos Índios
pao de acucar,AL,-9.6388,-37.5003,Pão De Açúcar
pariconha,AL,-9.2339,-38.0291,Pariconha
paripueira,AL,-9.435,-35.6109,Paripueira
passo de camaragibe,AL,-9.2239,-35.5246,Passo De Camaragibe
paulo jacinto,AL,-9.3546,-36.404,Paulo Jacinto
penedo,AL,-10.236,-36.4737,Penedo
piacabucu,AL,-10.3806,-36.4388,Piaçabuçu
pilar,AL,-9.6163,-36.0204,Pilar
pindoba,AL,-9.4719,-36.2923,Pindoba
piranhas,AL,-9.5214,-37.7301,Piranhas
poco das trincheiras,AL,-9.2809,-37.3143,Poço Das Trincheiras
porto calvo,AL,-9.0396,-35.4021,Porto Calvo
porto de pedras,AL,-9.1374,-35.4217,Porto De Pedras
porto real do colegio,AL,-10.1106,-36.7242,Porto Real Do Colégio
quebrangulo,AL,-9.2902,-36.4708,Quebrangulo
rio largo,AL,-9.4705,-35.8808,Rio Largo
roteiro,AL,-9.8635,-35.988,Roteiro
santa luzia do norte,AL,-9.6061,-35.8237,Santa Luzia Do Norte
santana do ipanema,AL,-9.3456,-37.1724,Santana Do Ipanema
santana do mundau,AL,-9.1114,-36.191,Santana Do Mundaú
sao bras,AL,-10.1071,-36.8649,São Brás
sao jose da laje,AL,-8.9953,-36.0516,São José Da Laje
sao jose da tapera,AL,-9.5358,-37.5252,São José Da Tapera
sao luis do quitunde,AL,-9.2243,-35.6314,São Luís Do Quitunde
sao miguel dos campos,AL,-9.7665,-36.0843,São Miguel Dos Campos
sao miguel dos milagres,AL,-9.2262,-35.407,São Miguel Dos Milagres
sao sebastiao,AL,-9.9568,-36.5508,São Sebastião
satuba,AL,-9.5677,-35.8347,Satuba
senador rui palmeira,AL,-9.3763,-37.5075,Senador Rui Palmeira
tanque d'arca,AL,-9.5712,-36.4103,Tanque D'arca
taquarana,AL,-9.6012,-36.4872,Taquarana
teotonio vilela,AL,-9.9639,-36.4068,Teotônio Vilela
traipu,AL,-9.8666,-36.9698,Traipu
uniao dos palmares,AL,-9.1017,-36.0387,União Dos Palmares
vicosa,AL,-9.3628,-36.2915,Viçosa
amparo do sao francisco,SE,-10.1541,-36.9238,Amparo Do São Francisco
aquidaba,SE,-10.2691,-37.072,Aquidabã
aracaju,SE,-10.9589,-37.0938,Aracaju
araua,SE,-11.2975,-37.6276,Arauá
areia branca,SE,-10.7603,-37.3196,Areia Branca
barra dos coqueiros,SE,-10.8278,-36.9264,Barra Dos Coqueiros
boquim,SE,-11.1183,-37.6061,Boquim
brejo grande,SE,-10.4783,-36.4729,Brejo Grande
campo do brito,SE,-10.7659,-37.5117,Campo Do Brito
canhoba,SE,-10.1474,-36.9895,Canhoba
caninde de sao francisco,SE,-9.7063,-37.9416,Canindé De São Francisco
capela,SE,-10.4317,-37.0614,Capela
carira,SE,-10.3131,-37.7262,Carira
carmopolis,SE,-10.6649,-36.9528,Carmópolis
cedro de sao joao,SE,-10.2701,-36.8989,Cedro De São João
cristinapolis,SE,-11.5003,-37.7403,Cristinápolis
cumbe,SE,-10.3381,-37.191,Cumbe
divina pastora,SE,-10.6626,-37.1639,Divina Pastora
estancia,SE,-11.2393,-37.4256,Estância
feira nova,SE,-10.2855,-37.3207,Feira Nova
frei paulo,SE,-10.5399,-37.5805,Frei Paulo
gararu,SE,-10.036,-37.226,Gararu
general maynard,SE,-10.6906,-36.9748,General Maynard
gracho cardoso,SE,-10.2051,-37.2142,Gracho Cardoso
ilha das flores,SE,-10.4407,-36.5414,Ilha Das Flores
indiaroba,SE,-11.4818,-37.5296,Indiaroba
itabaiana,SE,-10.6633,-37.4165,Itabaiana
itabaianinha,SE,-11.2578,-37.8018,Itabaianinha
itabi,SE,-10.0857,-37.1841,Itabi
itaporanga d'ajuda,SE,-11.0232,-37.3368,Itaporanga D'ajuda
japaratuba,SE,-10.5187,-36.8957,Japaratuba
japoata,SE,-10.4193,-36.8152,Japoatã
lagarto,SE,-10.8984,-37.6704,Lagarto
laranjeiras,SE,-10.8005,-37.1718,Laranjeiras
macambira,SE,-10.6745,-37.611,Macambira
malhada dos bois,SE,-10.3212,-36.9333,Malhada Dos Bois
malhador,SE,-10.6779,-37.2937,Malhador
maruim,SE,-10.718,-37.1041,Maruim
moita bonita,SE,-10.5944,-37.3283,Moita Bonita
monte alegre de sergipe,SE,-10.0728,-37.6108,Monte Alegre De Sergipe
muribeca,SE,-10.3762,-36.9734,Muribeca
neopolis,SE,-10.3511,-36.668,Neópolis
nossa senhora aparecida,SE,-10.32,-37.5096,Nossa Senhora Aparecida
nossa senhora da gloria,SE,-10.1754,-37.5077,Nossa Senhora Da Glória
nossa senhora das dores,SE,-10.4519,-37.2485,Nossa Senhora Das Dores
nossa senhora de lourdes,SE,-10.0768,-37.002,Nossa Senhora De Lourdes
nossa senhora do socorro,SE,-10.8634,-37.1342,Nossa Senhora Do Socorro
pacatuba,SE,-10.4991,-36.647,Pacatuba
pedra mole,SE,-10.6475,-37.6799,Pedra Mole
pedrinhas,SE,-11.2018,-37.6605,Pedrinhas
pinhao,SE,-10.5561,-37.7741,Pinhão
pirambu,SE,-10.6608,-36.8386,Pirambu
poco redondo,SE,-9.8839,-37.7263,Poço Redondo
poco verde,SE,-10.8037,-38.1206,Poço Verde
porto da folha,SE,-9.9656,-37.404,Porto Da Folha
propria,SE,-10.2475,-36.7921,Propriá
riachao do dantas,SE,-10.9981,-37.8036,Riachão Do Dantas
riachuelo,SE,-10.72,-37.2235,Riachuelo
ribeiropolis,SE,-10.5148,-37.4084,Ribeirópolis
rosario do catete,SE,-10.6846,-37.0325,Rosário Do Catete
salgado,SE,-11.0859,-37.4816,Salgado
santa luzia do itanhy,SE,-11.344,-37.579,Santa Luzia Do Itanhy
santana do sao francisco,SE,-10.2794,-36.6403,Santana Do São Francisco
santa rosa de lima,SE,-10.63,-37.2406,Santa Rosa De Lima
santo amaro das brotas,SE,-10.7718,-36.9736,Santo Amaro Das Brotas
sao cristovao,SE,-10.9821,-37.2125,São Cristóvão
sao domingos,SE,-10.7808,-37.5676,São Domingos
sao francisco,SE,-10.3433,-36.8667,São Francisco
sao miguel do aleixo,SE,-10.3849,-37.3528,São Miguel Do Aleixo
simao dias,SE,-10.7276,-37.8107,Simão Dias
siriri,SE,-10.571,-37.1311,Siriri
telha,SE,-10.186,-36.8798,Telha
tobias barreto,SE,-11.0772,-38.0146,Tobias Barreto
tomar do geru,SE,-11.3746,-37.9036,Tomar Do Geru
umbauba,SE,-11.3699,-37.6757,Umbaúba
abaira,BA,-13.2963,-41.7348,Abaíra
abare,BA,-8.8165,-39.2751,Abaré
acajutiba,BA,-11.6389,-38.0143,Acajutiba
adustina,BA,-10.5426,-37.9933,Adustina
agua fria,BA,-11.8289,-38.6737,Água Fria
erico cardoso,BA,-13.4243,-42.0566,Érico Cardoso
aiquara,BA,-14.0988,-39.882,Aiquara
alagoinhas,BA,-12.1234,-38.4134,Alagoinhas
alcobaca,BA,-17.4266,-39.4327,Alcobaça
almadina,BA,-14.687,-39.6625,Almadina
amargosa,BA,-13.0497,-39.6127,Amargosa
amelia rodrigues,BA,-12.4342,-38.6974,Amélia Rodrigues
america dourada,BA,-11.4323,-41.5223,América Dourada
anage,BA,-14.5508,-40.9001,Anagé
andarai,BA,-12.7529,-41.2026,Andaraí
andorinha,BA,-10.2911,-39.881,Andorinha
angical,BA,-11.9883,-44.7045,Angical
anguera,BA,-12.1724,-39.1951,Anguera
antas,BA,-10.4104,-38.3011,Antas
antonio cardoso,BA,-12.3829,-39.1417,Antônio Cardoso
antonio goncalves,BA,-10.6181,-40.363,Antônio Gonçalves
apora,BA,-11.7323,-38.1978,Aporá
apuarema,BA,-13.8191,-39.7647,Apuarema
aracatu,BA,-14.3663,-41.3678,Aracatu
aracas,BA,-12.1294,-38.2106,Araçás
araci,BA,-11.1908,-39.0984,Araci
aramari,BA,-12.0391,-38.5324,Aramari
arataca,BA,-15.2379,-39.414,Arataca
aratuipe,BA,-13.0863,-39.0995,Aratuípe
aurelino leal,BA,-14.3419,-39.5224,Aurelino Leal
baianopolis,BA,-12.6203,-44.4188,Baianópolis
baixa grande,BA,-11.9524,-40.1621,Baixa Grande
banzae,BA,-10.6056,-38.662,Banzaê
barra,BA,-11.0966,-43.3385,Barra
barra da estiva,BA,-13.6722,-41.1224,Barra Da Estiva
barra do choca,BA,-14.9268,-40.5958,Barra Do Choça
barra do mendes,BA,-12.0144,-42.063,Barra Do Mendes
barra do rocha,BA,-14.0808,-39.576,Barra Do Rocha
barreiras,BA,-11.9236,-45.7579,Barreiras
barro alto,BA,-11.8166,-41.8471,Barro Alto
barrocas,BA,-11.5388,-39.0812,Barrocas
barro preto,BA,-14.7543,-39.4414,Barro Preto
belmonte,BA,-15.907,-39.2406,Belmonte
belo campo,BA,-14.9141,-41.2198,Belo Campo
biritinga,BA,-11.6006,-38.8188,Biritinga
boa nova,BA,-14.3461,-40.2438,Boa Nova
boa vista do tupim,BA,-12.7629,-40.69,Boa Vista Do Tupim
bom jesus da lapa,BA,-13.2138,-43.3233,Bom Jesus Da Lapa
bom jesus da serra,BA,-14.3803,-40.6321,Bom Jesus Da Serra
boninal,BA,-12.7773,-41.8151,Boninal
bonito,BA,-11.9785,-41.3133,Bonito
boquira,BA,-12.7334,-42.685,Boquira
botupora,BA,-13.3205,-42.5291,Botuporã
brejoes,BA,-13.0998,-39.8333,Brejões
brejolandia,BA,-12.4413,-43.8931,Brejolândia
brotas de macaubas,BA,-12.099,-42.5341,Brotas De Macaúbas
brumado,BA,-14.158,-41.6738,Brumado
buerarema,BA,-14.9907,-39.2684,Buerarema
buritirama,BA,-10.5536,-43.7699,Buritirama
caatiba,BA,-14.9949,-40.3319,Caatiba
cabaceiras do paraguacu,BA,-12.5524,-39.1657,Cabaceiras Do Paraguaçu
cachoeira,BA,-12.6417,-38.8594,Cachoeira
cacule,BA,-14.4687,-42.3358,Caculé
caem,BA,-11.1591,-40.2975,Caém
caetanos,BA,-14.2915,-40.9732,Caetanos
caetite,BA,-13.8534,-42.4459,Caetité
cafarnaum,BA,-11.6949,-41.5408,Cafarnaum
cairu,BA,-13.4997,-38.9529,Cairu
caldeirao grande,BA,-11.0189,-40.2021,Caldeirão Grande
camacan,BA,-15.4345,-39.5049,Camacan
camacari,BA,-12.6008,-38.2004,Camaçari
camamu,BA,-13.9699,-39.1025,Camamu
campo alegre de lourdes,BA,-9.5033,-43.0787,Campo Alegre De Lourdes
campo formoso,BA,-10.2071,-40.8352,Campo Formoso
canapolis,BA,-13.0823,-44.2329,Canápolis
canarana,BA,-11.7219,-41.7139,Canarana
canavieiras,BA,-15.6471,-39.151,Canavieiras
candeal,BA,-11.89,-39.1972,Candeal
candeias,BA,-12.6635,-38.4889,Candeias
candiba,BA,-14.3833,-42.8194,Candiba
candido sales,BA,-15.3661,-41.2371,Cândido Sales
cansancao,BA,-10.7509,-39.4667,Cansanção
canudos,BA,-9.9295,-38.9706,Canudos
capela do alto alegre,BA,-11.6333,-39.8636,Capela Do Alto Alegre
capim grosso,BA,-11.2984,-40.0023,Capim Grosso
caraibas,BA,-14.615,-41.2706,Caraíbas
caravelas,BA,-17.7623,-39.3467,Caravelas
cardeal da silva,BA,-12.0179,-37.9533,Cardeal Da Silva
carinhanha,BA,-13.9373,-43.9465,Carinhanha
casa nova,BA,-9.1427,-41.2189,Casa Nova
castro alves,BA,-12.7432,-39.357,Castro Alves
catolandia,BA,-12.2568,-44.6554,Catolândia
catu,BA,-12.3371,-38.4129,Catu
caturama,BA,-13.1978,-42.3038,Caturama
central,BA,-11.17,-42.0809,Central
chorrocho,BA,-9.2736,-39.2086,Chorrochó
cicero dantas,BA,-10.5054,-38.4431,Cícero Dantas
cipo,BA,-11.1003,-38.535,Cipó
coaraci,BA,-14.6532,-39.5724,Coaraci
cocos,BA,-14.5672,-45.1948,Cocos
conceicao da feira,BA,-12.5008,-38.9889,Conceição Da Feira
conceicao do almeida,BA,-12.8529,-39.2324,Conceição Do Almeida
conceicao do coite,BA,-11.4754,-39.2336,Conceição Do Coité
conceicao do jacuipe,BA,-12.3205,-38.7539,Conceição Do Jacuípe
conde,BA,-11.813,-37.6893,Conde
condeuba,BA,-14.8933,-42.048,Condeúba
contendas do sincora,BA,-13.8336,-41.0685,Contendas Do Sincorá
coracao de maria,BA,-12.225,-38.7873,Coração De Maria
cordeiros,BA,-15.0309,-41.8921,Cordeiros
coribe,BA,-13.8076,-44.24,Coribe
coronel joao sa,BA,-10.2882,-37.9556,Coronel João Sá
correntina,BA,-13.5411,-45.4648,Correntina
cotegipe,BA,-11.5899,-44.1755,Cotegipe
cravolandia,BA,-13.4344,-39.769,Cravolândia
crisopolis,BA,-11.5367,-38.1452,Crisópolis
cristopolis,BA,-12.1724,-44.1569,Cristópolis
cruz das almas,BA,-12.6782,-39.1342,Cruz Das Almas
curaca,BA,-9.1934,-39.6541,Curaçá
dario meira,BA,-14.3965,-39.989,Dário Meira
dias d'avila,BA,-12.5954,-38.2909,Dias D'ávila
dom basilio,BA,-13.8189,-41.7499,Dom Basílio
dom macedo costa,BA,-12.8897,-39.1745,Dom Macedo Costa
elisio medrado,BA,-12.9219,-39.5292,Elísio Medrado
encruzilhada,BA,-15.5836,-40.9098,Encruzilhada
entre rios,BA,-12.077,-38.0398,Entre Rios
esplanada,BA,-11.9557,-37.8784,Esplanada
euclides da cunha,BA,-10.4676,-38.9618,Euclides Da Cunha
eunapolis,BA,-16.3077,-39.5938,Eunápolis
fatima,BA,-10.5613,-38.2024,Fátima
feira da mata,BA,-14.1603,-44.2507,Feira Da Mata
feira de santana,BA,-12.1988,-39.0559,Feira De Santana
filadelfia,BA,-10.7084,-40.1778,Filadélfia
firmino alves,BA,-14.8856,-39.9109,Firmino Alves
floresta azul,BA,-14.8541,-39.7153,Floresta Azul
formosa do rio preto,BA,-10.9509,-45.6634,Formosa Do Rio Preto
gandu,BA,-13.7949,-39.4855,Gandu
gaviao,BA,-11.4846,-39.7537,Gavião
gentio do ouro,BA,-11.3392,-42.5969,Gentio Do Ouro
gloria,BA,-9.2159,-38.4343,Glória
gongogi,BA,-14.2853,-39.6116,Gongogi
governador mangabeira,BA,-12.5778,-39.0715,Governador Mangabeira
guajeru,BA,-14.5893,-41.9562,Guajeru
guanambi,BA,-14.1855,-42.8098,Guanambi
guaratinga,BA,-16.5668,-39.9745,Guaratinga
heliopolis,BA,-10.725,-38.2807,Heliópolis
iacu,BA,-12.8181,-40.1442,Iaçu
ibiassuce,BA,-14.3125,-42.3251,Ibiassucê
ibicarai,BA,-14.8402,-39.5688,Ibicaraí
ibicoara,BA,-13.3575,-41.3067,Ibicoara
ibicui,BA,-14.62,-39.8588,Ibicuí
ibipeba,BA,-11.5342,-42.1716,Ibipeba
ibipitanga,BA,-12.8766,-42.3676,Ibipitanga
ibiquera,BA,-12.6066,-40.867,Ibiquera
ibirapitanga,BA,-14.0488,-39.4353,Ibirapitanga
ibirapua,BA,-17.7257,-40.0512,Ibirapuã
ibirataia,BA,-13.9773,-39.6053,Ibirataia
ibitiara,BA,-12.557,-42.3662,Ibitiara
ibitita,BA,-11.5936,-41.8966,Ibititá
ibotirama,BA,-12.0046,-43.1914,Ibotirama
ichu,BA,-11.7216,-39.1846,Ichu
igapora,BA,-13.8336,-42.7491,Igaporã
igrapiuna,BA,-13.8926,-39.2276,Igrapiúna
iguai,BA,-14.6371,-40.056,Iguaí
ilheus,BA,-14.7602,-39.1474,Ilhéus
inhambupe,BA,-11.7977,-38.3934,Inhambupe
ipecaeta,BA,-12.3125,-39.3381,Ipecaetá
ipiau,BA,-14.0191,-39.712,Ipiaú
ipira,BA,-12.1925,-39.7903,Ipirá
ipupiara,BA,-11.7923,-42.4834,Ipupiara
irajuba,BA,-13.2289,-40.0688,Irajuba
iramaia,BA,-13.4989,-40.9129,Iramaia
iraquara,BA,-12.264,-41.5485,Iraquara
irara,BA,-12.0355,-38.7532,Irará
irece,BA,-11.3082,-41.8387,Irecê
itabela,BA,-16.6875,-39.5506,Itabela
itaberaba,BA,-12.47,-40.2472,Itaberaba
itabuna,BA,-14.8707,-39.3023,Itabuna
itacare,BA,-14.333,-39.1204,Itacaré
itaete,BA,-13.0752,-41.0479,Itaeté
itagi,BA,-14.1682,-40.0251,Itagi
itagiba,BA,-14.2532,-39.8327,Itagibá
itagimirim,BA,-16.1153,-39.7678,Itagimirim
itaguacu da bahia,BA,-10.7105,-42.2913,Itaguaçu Da Bahia
itaju do colonia,BA,-15.1658,-39.7074,Itaju Do Colônia
itajuipe,BA,-14.6848,-39.446,Itajuípe
itamaraju,BA,-16.9909,-39.713,Itamaraju
itamari,BA,-13.7646,-39.6714,Itamari
itambe,BA,-15.1675,-40.462,Itambé
itanagra,BA,-12.2955,-38.0556,Itanagra
itanhem,BA,-17.1032,-40.3475,Itanhém
itaparica,BA,-12.8865,-38.6517,Itaparica
itape,BA,-14.9304,-39.5001,Itapé
itapebi,BA,-15.903,-39.6877,Itapebi
itapetinga,BA,-15.3496,-40.0855,Itapetinga
itapicuru,BA,-11.2096,-38.147,Itapicuru
itapitanga,BA,-14.4447,-39.6056,Itapitanga
itaquara,BA,-13.4446,-39.9011,Itaquara
itarantim,BA,-15.681,-40.0465,Itarantim
itatim,BA,-12.7145,-39.7334,Itatim
itirucu,BA,-13.473,-40.1746,Itiruçu
itiuba,BA,-10.7126,-39.8317,Itiúba
itororo,BA,-15.0471,-40.0281,Itororó
ituacu,BA,-13.8465,-41.3714,Ituaçu
itubera,BA,-13.7518,-39.1321,Ituberá
iuiu,BA,-14.527,-43.6049,Iuiu
jaborandi,BA,-14.0544,-45.3962,Jaborandi
jacaraci,BA,-14.7794,-42.3407,Jacaraci
jacobina,BA,-11.1283,-40.5495,Jacobina
jaguaquara,BA,-13.5622,-39.945,Jaguaquara
jaguarari,BA,-10.0764,-40.0556,Jaguarari
jaguaripe,BA,-13.1058,-39.0189,Jaguaripe
jandaira,BA,-11.5884,-37.6172,Jandaíra
jequie,BA,-13.9159,-40.0605,Jequié
jeremoabo,BA,-10.0074,-38.5079,Jeremoabo
jiquirica,BA,-13.3229,-39.595,Jiquiriçá
jitauna,BA,-13.9413,-39.8427,Jitaúna
joao dourado,BA,-11.1924,-41.5633,João Dourado
juazeiro,BA,-9.4444,-40.3081,Juazeiro
jucurucu,BA,-16.8438,-40.1069,Jucuruçu
jussara,BA,-10.915,-41.8118,Jussara
jussari,BA,-15.1538,-39.5125,Jussari
jussiape,BA,-13.4677,-41.6384,Jussiape
lafaiete coutinho,BA,-13.64,-40.3146,Lafaiete Coutinho
lagoa real,BA,-14.0237,-42.2226,Lagoa Real
laje,BA,-13.1716,-39.3029,Laje
lajedao,BA,-17.578,-40.3148,Lajedão
lajedinho,BA,-12.4,-41.0145,Lajedinho
lajedo do tabocal,BA,-13.4386,-40.2616,Lajedo Do Tabocal
lamarao,BA,-11.7741,-38.9023,Lamarão
lapao,BA,-11.5188,-41.762,Lapão
lauro de freitas,BA,-12.8516,-38.3367,Lauro De Freitas
lencois,BA,-12.4519,-41.3523,Lençóis
licinio de almeida,BA,-14.6104,-42.4894,Licínio De Almeida
livramento de nossa senhora,BA,-13.7967,-41.9686,Livramento De Nossa Senhora
luis eduardo magalhaes,BA,-12.2655,-46.2291,Luís Eduardo Magalhães
macajuba,BA,-12.1333,-40.2956,Macajuba
macarani,BA,-15.5613,-40.3932,Macarani
macaubas,BA,-13.1588,-42.6648,Macaúbas
macurure,BA,-9.3942,-38.9443,Macururé
madre de deus,BA,-12.739,-38.6491,Madre De Deus
maetinga,BA,-14.6792,-41.4987,Maetinga
maiquinique,BA,-15.6534,-40.2795,Maiquinique
mairi,BA,-11.7296,-40.1626,Mairi
malhada,BA,-14.0839,-43.6118,Malhada
malhada de pedras,BA,-14.3358,-41.8592,Malhada De Pedras
manoel vitorino,BA,-14.0574,-40.5359,Manoel Vitorino
mansidao,BA,-11.1791,-44.1152,Mansidão
maracas,BA,-13.5792,-40.5792,Maracás
maragogipe,BA,-12.8228,-38.9386,Maragogipe
marau,BA,-14.1289,-39.1413,Maraú
marcionilio souza,BA,-13.1235,-40.6439,Marcionílio Souza
mascote,BA,-15.6647,-39.4108,Mascote
mata de sao joao,BA,-12.4779,-38.1595,Mata De São João
matina,BA,-13.8535,-42.9904,Matina
medeiros neto,BA,-17.3769,-40.271,Medeiros Neto
miguel calmon,BA,-11.4612,-40.564,Miguel Calmon
milagres,BA,-12.8877,-39.7806,Milagres
mirangaba,BA,-10.7598,-40.7006,Mirangaba
mirante,BA,-14.1347,-40.7739,Mirante
monte santo,BA,-10.3618,-39.4509,Monte Santo
morpara,BA,-11.7108,-43.0753,Morpará
morro do chapeu,BA,-11.3518,-41.2334,Morro Do Chapéu
mortugaba,BA,-15.0018,-42.3169,Mortugaba
mucuge,BA,-13.0942,-41.4498,Mucugê
mucuri,BA,-17.9374,-40.0005,Mucuri
mulungu do morro,BA,-11.9887,-41.4946,Mulungu Do Morro
mundo novo,BA,-11.9184,-40.5305,Mundo Novo
muniz ferreira,BA,-13.0014,-39.099,Muniz Ferreira
muquem do sao francisco,BA,-12.1489,-43.5074,Muquém Do São Francisco
muritiba,BA,-12.62,-39.0986,Muritiba
mutuipe,BA,-13.3135,-39.5123,Mutuípe
nazare,BA,-12.9606,-38.9816,Nazaré
nilo pecanha,BA,-13.6596,-39.1941,Nilo Peçanha
nordestina,BA,-10.8741,-39.4634,Nordestina
nova canaa,BA,-14.8104,-40.1935,Nova Canaã
nova fatima,BA,-11.6081,-39.6229,Nova Fátima
nova ibia,BA,-13.8367,-39.5576,Nova Ibiá
nova itarana,BA,-13.0486,-40.003,Nova Itarana
nova redencao,BA,-12.7939,-41.1342,Nova Redenção
nova soure,BA,-11.337,-38.5319,Nova Soure
nova vicosa,BA,-17.8899,-39.5684,Nova Viçosa
novo horizonte,BA,-12.8954,-42.0941,Novo Horizonte
novo triunfo,BA,-10.3524,-38.4658,Novo Triunfo
olindina,BA,-11.4254,-38.3662,Olindina
oliveira dos brejinhos,BA,-12.239,-42.7431,Oliveira Dos Brejinhos
ouricangas,BA,-12.0128,-38.6482,Ouriçangas
ourolandia,BA,-10.8278,-41.1523,Ourolândia
palmas de monte alto,BA,-14.1343,-43.1812,Palmas De Monte Alto
palmeiras,BA,-12.5127,-41.5321,Palmeiras
paramirim,BA,-13.5143,-42.2286,Paramirim
paratinga,BA,-12.7273,-43.0668,Paratinga
paripiranga,BA,-10.5956,-37.9059,Paripiranga
pau brasil,BA,-15.4706,-39.6751,Pau Brasil
paulo afonso,BA,-9.5303,-38.2721,Paulo Afonso
pe de serra,BA,-11.8745,-39.5995,Pé De Serra
pedrao,BA,-12.1302,-38.6477,Pedrão
pedro alexandre,BA,-10.088,-37.9123,Pedro Alexandre
piata,BA,-13.0351,-41.9354,Piatã
pilao arcado,BA,-9.9485,-43.1938,Pilão Arcado
pindai,BA,-14.5021,-42.6595,Pindaí
pindobacu,BA,-10.7479,-40.3321,Pindobaçu
pintadas,BA,-11.8631,-39.8912,Pintadas
pirai do norte,BA,-13.8142,-39.3773,Piraí Do Norte
piripa,BA,-14.9944,-41.7312,Piripá
piritiba,BA,-11.6624,-40.55,Piritiba
planaltino,BA,-13.1728,-40.2828,Planaltino
planalto,BA,-14.7401,-40.4412,Planalto
pocoes,BA,-14.5371,-40.3894,Poções
pojuca,BA,-12.3689,-38.2598,Pojuca
ponto novo,BA,-10.9498,-40.114,Ponto Novo
porto seguro,BA,-16.6801,-39.3122,Porto Seguro
potiragua,BA,-15.6738,-39.7739,Potiraguá
prado,BA,-17.128,-39.3954,Prado
presidente dutra,BA,-11.323,-41.9897,Presidente Dutra
presidente janio quadros,BA,-14.7068,-41.736,Presidente Jânio Quadros
presidente tancredo neves,BA,-13.4443,-39.4221,Presidente Tancredo Neves
queimadas,BA,-10.9703,-39.7241,Queimadas
quijingue,BA,-10.7682,-38.989,Quijingue
quixabeira,BA,-11.3805,-40.1098,Quixabeira
rafael jambeiro,BA,-12.4874,-39.573,Rafael Jambeiro
remanso,BA,-9.5547,-42.2869,Remanso
retirolandia,BA,-11.5166,-39.4365,Retirolândia
riachao das neves,BA,-11.6342,-45.242,Riachão Das Neves
riachao do jacuipe,BA,-11.781,-39.4654,Riachão Do Jacuípe
riacho de santana,BA,-13.6268,-42.9834,Riacho De Santana
ribeira do amparo,BA,-10.9484,-38.3826,Ribeira Do Amparo
ribeira do pombal,BA,-10.8031,-38.5661,Ribeira Do Pombal
ribeirao do largo,BA,-15.383,-40.6632,Ribeirão Do Largo
rio de contas,BA,-13.5908,-41.7311,Rio De Contas
rio do antonio,BA,-14.3053,-42.0902,Rio Do Antônio
rio do pires,BA,-13.1203,-42.1559,Rio Do Pires
rio real,BA,-11.5095,-37.9144,Rio Real
rodelas,BA,-9.1495,-38.6433,Rodelas
ruy barbosa,BA,-12.2358,-40.4932,Ruy Barbosa
salinas da margarida,BA,-12.8835,-38.7445,Salinas Da Margarida
salvador,BA,-12.853,-38.4994,Salvador
santa barbara,BA,-11.9366,-38.9862,Santa Bárbara
santa brigida,BA,-9.7443,-38.1216,Santa Brígida
santa cruz cabralia,BA,-16.2207,-39.1321,Santa Cruz Cabrália
santa cruz da vitoria,BA,-14.9014,-39.7976,Santa Cruz Da Vitória
santa ines,BA,-13.2704,-39.8728,Santa Inês
santaluz,BA,-11.2111,-39.4469,Santaluz
santa luzia,BA,-15.4328,-39.2821,Santa Luzia
santa maria da vitoria,BA,-13.2499,-44.3069,Santa Maria Da Vitória
santana,BA,-13.0723,-43.9563,Santana
santanopolis,BA,-11.9679,-38.8681,Santanópolis
santa rita de cassia,BA,-10.9679,-44.6375,Santa Rita De Cássia
santa terezinha,BA,-12.7398,-39.5923,Santa Terezinha
santo amaro,BA,-12.5449,-38.786,Santo Amaro
santo antonio de jesus,BA,-13.001,-39.2146,Santo Antônio De Jesus
santo estevao,BA,-12.4716,-39.2738,Santo Estêvão
sao desiderio,BA,-12.8281,-45.7883,São Desidério
sao domingos,BA,-11.4371,-39.5924,São Domingos
sao felix,BA,-12.6678,-38.9971,São Félix
sao felix do coribe,BA,-13.5465,-43.9733,São Félix Do Coribe
sao felipe,BA,-12.8531,-39.1008,São Felipe
sao francisco do conde,BA,-12.6283,-38.6321,São Francisco Do Conde
sao gabriel,BA,-11.0339,-41.6757,São Gabriel
sao goncalo dos campos,BA,-12.4213,-38.9545,São Gonçalo Dos Campos
sao jose da vitoria,BA,-15.0503,-39.3481,São José Da Vitória
sao jose do jacuipe,BA,-11.4371,-39.9244,São José Do Jacuípe
sao miguel das matas,BA,-13.0398,-39.4194,São Miguel Das Matas
sao sebastiao do passe,BA,-12.5024,-38.487,São Sebastião Do Passé
sapeacu,BA,-12.7122,-39.2142,Sapeaçu
satiro dias,BA,-11.551,-38.5401,Sátiro Dias
saubara,BA,-12.7777,-38.7938,Saubara
saude,BA,-10.8771,-40.3782,Saúde
seabra,BA,-12.3691,-41.9085,Seabra
sebastiao laranjeiras,BA,-14.605,-43.1484,Sebastião Laranjeiras
senhor do bonfim,BA,-10.4365,-40.1116,Senhor Do Bonfim
serra do ramalho,BA,-13.4357,-43.7038,Serra Do Ramalho
sento se,BA,-10.1339,-41.5304,Sento Sé
serra dourada,BA,-12.84,-43.9023,Serra Dourada
serra preta,BA,-12.074,-39.3727,Serra Preta
serrinha,BA,-11.6725,-38.9683,Serrinha
serrolandia,BA,-11.422,-40.2603,Serrolândia
simoes filho,BA,-12.7663,-38.4065,Simões Filho
sitio do mato,BA,-12.9247,-43.4664,Sítio Do Mato
sitio do quinto,BA,-10.3123,-38.1203,Sítio Do Quinto
sobradinho,BA,-9.691,-40.8783,Sobradinho
souto soares,BA,-12.0029,-41.9028,Souto Soares
tabocas do brejo velho,BA,-12.4968,-44.084,Tabocas Do Brejo Velho
tanhacu,BA,-14.1187,-41.1383,Tanhaçu
tanque novo,BA,-13.5608,-42.537,Tanque Novo
tanquinho,BA,-11.9539,-39.0927,Tanquinho
taperoa,BA,-13.566,-39.2108,Taperoá
tapiramuta,BA,-11.8645,-40.7966,Tapiramutá
teixeira de freitas,BA,-17.3361,-39.8546,Teixeira De Freitas
teodoro sampaio,BA,-12.281,-38.608,Teodoro Sampaio
teofilandia,BA,-11.4684,-38.9492,Teofilândia
teolandia,BA,-13.5461,-39.4886,Teolândia
terra nova,BA,-12.3768,-38.5767,Terra Nova
tremedal,BA,-14.9958,-41.4692,Tremedal
tucano,BA,-10.9986,-38.8009,Tucano
uaua,BA,-9.9516,-39.505,Uauá
ubaira,BA,-13.2686,-39.6787,Ubaíra
ubaitaba,BA,-14.2713,-39.4038,Ubaitaba
ubata,BA,-14.0639,-39.5176,Ubatã
uibai,BA,-11.3736,-42.1132,Uibaí
umburanas,BA,-10.582,-41.274,Umburanas
una,BA,-15.2354,-39.1991,Una
urandi,BA,-14.7032,-42.6683,Urandi
urucuca,BA,-14.5118,-39.1854,Uruçuca
utinga,BA,-12.037,-41.0751,Utinga
valenca,BA,-13.3329,-39.2263,Valença
valente,BA,-11.379,-39.4044,Valente
varzea da roca,BA,-11.5949,-40.0691,Várzea Da Roça
varzea do poco,BA,-11.5514,-40.3031,Várzea Do Poço
varzea nova,BA,-11.0954,-41.0987,Várzea Nova
varzedo,BA,-12.9654,-39.3775,Varzedo
vera cruz,BA,-12.9901,-38.68,Vera Cruz
vereda,BA,-17.1601,-40.0306,Vereda
vitoria da conquista,BA,-15.1097,-40.9107,Vitória Da Conquista
wagner,BA,-12.2347,-41.0955,Wagner
wanderley,BA,-11.8449,-43.9676,Wanderley
wenceslau guimaraes,BA,-13.6248,-39.5772,Wenceslau Guimarães
xique-xique,BA,-10.9017,-42.7087,Xique-Xique
abadia dos dourados,MG,-18.3583,-47.4831,Abadia Dos Dourados
abaete,MG,-19.1031,-45.3508,Abaeté
abre campo,MG,-20.2788,-42.4473,Abre Campo
acaiaca,MG,-20.403,-43.1072,Acaiaca
acucena,MG,-19.0369,-42.4229,Açucena
agua boa,MG,-18.0132,-42.3026,Água Boa
agua comprida,MG,-19.976,-48.0837,Água Comprida
aguanil,MG,-20.9743,-45.4235,Aguanil
aguas formosas,MG,-17.0428,-40.9975,Águas Formosas
aguas vermelhas,MG,-15.7096,-41.5572,Águas Vermelhas
aimores,MG,-19.6348,-41.2251,Aimorés
aiuruoca,MG,-21.9536,-44.6448,Aiuruoca
alagoa,MG,-22.1814,-44.667,Alagoa
albertina,MG,-22.1923,-46.6031,Albertina
alem paraiba,MG,-21.8192,-42.772,Além Paraíba
alfenas,MG,-21.361,-45.9955,Alfenas
alfredo vasconcelos,MG,-21.1294,-43.6995,Alfredo Vasconcelos
almenara,MG,-16.1248,-40.7611,Almenara
alpercata,MG,-18.98,-42.0198,Alpercata
alpinopolis,MG,-20.8367,-46.3747,Alpinópolis
alterosa,MG,-21.215,-46.1532,Alterosa
alto caparao,MG,-20.4712,-41.8788,Alto Caparaó
alto rio doce,MG,-21.0306,-43.396,Alto Rio Doce
alvarenga,MG,-19.4235,-41.7072,Alvarenga
alvinopolis,MG,-20.0944,-43.1318,Alvinópolis
alvorada de minas,MG,-18.7731,-43.3757,Alvorada De Minas
amparo do serra,MG,-20.5215,-42.7984,Amparo Do Serra
andradas,MG,-22.0683,-46.5778,Andradas
cachoeira de pajeu,MG,-15.966,-41.4971,Cachoeira De Pajeú
andrelandia,MG,-21.7132,-44.2976,Andrelândia
angelandia,MG,-17.6902,-42.2783,Angelândia
antonio carlos,MG,-21.409,-43.7534,Antônio Carlos
antonio dias,MG,-19.5771,-42.8866,Antônio Dias
antonio prado de minas,MG,-21.0129,-42.156,Antônio Prado De Minas
aracai,MG,-19.2331,-44.2064,Araçaí
aracitaba,MG,-21.3477,-43.4059,Aracitaba
aracuai,MG,-16.9038,-41.9836,Araçuaí
araguari,MG,-18.5779,-48.2997,Araguari
arantina,MG,-21.8922,-44.2254,Arantina
araponga,MG,-20.6736,-42.5109,Araponga
arapora,MG,-18.4841,-49.1255,Araporã
arapua,MG,-19.03,-46.113,Arapuá
araujos,MG,-19.8718,-45.1594,Araújos
araxa,MG,-19.6087,-46.9774,Araxá
arceburgo,MG,-21.3486,-46.9244,Arceburgo
arcos,MG,-20.2448,-45.5545,Arcos
areado,MG,-21.3448,-46.1486,Areado
argirita,MG,-21.6378,-42.8253,Argirita
aricanduva,MG,-17.8747,-42.5763,Aricanduva
arinos,MG,-15.7637,-46.0199,Arinos
astolfo dutra,MG,-21.3038,-42.868,Astolfo Dutra
ataleia,MG,-18.1734,-41.1687,Ataléia
augusto de lima,MG,-18.0844,-44.1813,Augusto De Lima
baependi,MG,-21.9839,-44.8557,Baependi
baldim,MG,-19.2306,-43.8474,Baldim
bambui,MG,-20.1144,-45.9815,Bambuí
bandeira,MG,-15.8732,-40.5746,Bandeira
bandeira do sul,MG,-21.7237,-46.3911,Bandeira Do Sul
barao de cocais,MG,-19.8986,-43.5039,Barão De Cocais
barao de monte alto,MG,-21.2817,-42.2728,Barão De Monte Alto
barbacena,MG,-21.2447,-43.8568,Barbacena
barra longa,MG,-20.2786,-43.0651,Barra Longa
barroso,MG,-21.1729,-43.9498,Barroso
bela vista de minas,MG,-19.7939,-43.1039,Bela Vista De Minas
belmiro braga,MG,-21.9543,-43.4419,Belmiro Braga
belo horizonte,MG,-19.8848,-43.9701,Belo Horizonte
belo oriente,MG,-19.2544,-42.4232,Belo Oriente
belo vale,MG,-20.4117,-44.0536,Belo Vale
berilo,MG,-16.8569,-42.4937,Berilo
bertopolis,MG,-16.9275,-40.5766,Bertópolis
berizal,MG,-15.6922,-41.7594,Berizal
betim,MG,-19.9493,-44.2029,Betim
bias fortes,MG,-21.6203,-43.768,Bias Fortes
bicas,MG,-21.7297,-43.1028,Bicas
biquinhas,MG,-18.7552,-45.5403,Biquinhas
boa esperanca,MG,-21.0519,-45.6378,Boa Esperança
bocaina de minas,MG,-22.2259,-44.4911,Bocaina De Minas
bocaiuva,MG,-17.3031,-43.6513,Bocaiúva
bom despacho,MG,-19.6574,-45.3314,Bom Despacho
bom jardim de minas,MG,-21.9307,-44.1161,Bom Jardim De Minas
bom jesus da penha,MG,-20.9996,-46.5358,Bom Jesus Da Penha
bom jesus do amparo,MG,-19.6982,-43.4863,Bom Jesus Do Amparo
bom jesus do galho,MG,-19.7145,-42.3726,Bom Jesus Do Galho
bom repouso,MG,-22.4278,-46.1858,Bom Repouso
bom sucesso,MG,-21.0461,-44.806,Bom Sucesso
bonfim,MG,-20.3157,-44.2061,Bonfim
bonfinopolis de minas,MG,-16.5248,-46.175,Bonfinópolis De Minas
bonito de minas,MG,-14.8893,-44.8785,Bonito De Minas
borda da mata,MG,-22.2469,-46.1627,Borda Da Mata
botelhos,MG,-21.6447,-46.4505,Botelhos
botumirim,MG,-16.9276,-42.9871,Botumirim
brasilandia de minas,MG,-16.952,-45.9131,Brasilândia De Minas
brasilia de minas,MG,-16.2161,-44.4564,Brasília De Minas
bras pires,MG,-20.8807,-43.2183,Brás Pires
braunas,MG,-18.9943,-42.7283,Braúnas
brazopolis,MG,-22.4843,-45.6317,Brazópolis
brumadinho,MG,-20.204,-44.1579,Brumadinho
bueno brandao,MG,-22.4989,-46.36,Bueno Brandão
buenopolis,MG,-17.8997,-44.035,Buenópolis
bugre,MG,-19.3498,-42.3093,Bugre
buritis,MG,-15.4305,-46.6022,Buritis
buritizeiro,MG,-17.2683,-45.2436,Buritizeiro
cabeceira grande,MG,-16.0758,-47.1181,Cabeceira Grande
cabo verde,MG,-21.4879,-46.3997,Cabo Verde
cachoeira da prata,MG,-19.5034,-44.4709,Cachoeira Da Prata
cachoeira de minas,MG,-22.3515,-45.7779,Cachoeira De Minas
cachoeira dourada,MG,-18.5862,-49.4741,Cachoeira Dourada
caetanopolis,MG,-19.3457,-44.4043,Caetanópolis
caete,MG,-19.869,-43.6552,Caeté
caiana,MG,-20.7283,-41.9028,Caiana
cajuri,MG,-20.7801,-42.7592,Cajuri
caldas,MG,-21.8762,-46.3501,Caldas
camacho,MG,-20.6397,-45.1265,Camacho
camanducaia,MG,-22.7928,-46.1084,Camanducaia
cambui,MG,-22.5886,-46.0814,Cambuí
cambuquira,MG,-21.8629,-45.2879,Cambuquira
campanario,MG,-18.2638,-41.7444,Campanário
campanha,MG,-21.7993,-45.404,Campanha
campestre,MG,-21.7341,-46.2213,Campestre
campina verde,MG,-19.4577,-49.7643,Campina Verde
campo azul,MG,-16.5146,-44.7459,Campo Azul
campo belo,MG,-20.9185,-45.2439,Campo Belo
campo do meio,MG,-21.123,-45.8384,Campo Do Meio
campo florido,MG,-19.7005,-48.6305,Campo Florido
campos altos,MG,-19.5892,-46.2048,Campos Altos
campos gerais,MG,-21.2696,-45.7487,Campos Gerais
canaa,MG,-20.6689,-42.6479,Canaã
canapolis,MG,-18.7777,-49.2822,Canápolis
cana verde,MG,-21.0366,-45.1943,Cana Verde
candeias,MG,-20.7481,-45.2467,Candeias
cantagalo,MG,-18.5132,-42.6524,Cantagalo
caparao,MG,-20.5215,-41.9579,Caparaó
capela nova,MG,-20.9173,-43.6105,Capela Nova
capelinha,MG,-17.6729,-42.5031,Capelinha
capetinga,MG,-20.6293,-47.0431,Capetinga
capim branco,MG,-19.5642,-44.1584,Capim Branco
capinopolis,MG,-18.6756,-49.5709,Capinópolis
capitao andrade,MG,-19.0426,-41.8237,Capitão Andrade
capitao eneas,MG,-16.0694,-43.6716,Capitão Enéas
capitolio,MG,-20.6003,-46.163,Capitólio
caputira,MG,-20.1903,-42.2482,Caputira
carai,MG,-17.1643,-41.5693,Caraí
caranaiba,MG,-20.8806,-43.7132,Caranaíba
carandai,MG,-20.9845,-43.8038,Carandaí
carangola,MG,-20.7027,-42.1291,Carangola
caratinga,MG,-19.6899,-42.1448,Caratinga
carbonita,MG,-17.471,-43.0385,Carbonita
careacu,MG,-22.0551,-45.6671,Careaçu
carlos chagas,MG,-17.6698,-40.8855,Carlos Chagas
carmesia,MG,-19.0654,-43.1871,Carmésia
carmo da cachoeira,MG,-21.4498,-45.1991,Carmo Da Cachoeira
carmo da mata,MG,-20.565,-44.8833,Carmo Da Mata
carmo de minas,MG,-22.0938,-45.1393,Carmo De Minas
carmo do cajuru,MG,-20.1812,-44.7183,Carmo Do Cajuru
carmo do paranaiba,MG,-18.8735,-46.1676,Carmo Do Paranaíba
carmo do rio claro,MG,-20.968,-46.1251,Carmo Do Rio Claro
carmopolis de minas,MG,-20.5522,-44.658,Carmópolis De Minas
carneirinho,MG,-19.7164,-50.8699,Carneirinho
carrancas,MG,-21.4779,-44.6029,Carrancas
carvalhopolis,MG,-21.7726,-45.8196,Carvalhópolis
carvalhos,MG,-22.0242,-44.4695,Carvalhos
casa grande,MG,-20.833,-43.9334,Casa Grande
cascalho rico,MG,-18.5566,-47.866,Cascalho Rico
cassia,MG,-20.5452,-46.9153,Cássia
conceicao da barra de minas,MG,-21.1414,-44.4714,Conceição Da Barra De Minas
cataguases,MG,-21.3529,-42.6562,Cataguases
catas altas,MG,-20.0729,-43.4141,Catas Altas
catas altas da noruega,MG,-20.6766,-43.4868,Catas Altas Da Noruega
catuji,MG,-17.3511,-41.5147,Catuji
catuti,MG,-15.3286,-43.0898,Catuti
caxambu,MG,-21.9593,-44.9473,Caxambu
cedro do abaete,MG,-19.1191,-45.6954,Cedro Do Abaeté
central de minas,MG,-18.7617,-41.2903,Central De Minas
centralina,MG,-18.61,-49.1784,Centralina
chacara,MG,-21.682,-43.2194,Chácara
chale,MG,-20.0185,-41.6581,Chalé
chapada do norte,MG,-17.154,-42.3953,Chapada Do Norte
chapada gaucha,MG,-15.4542,-45.5076,Chapada Gaúcha
chiador,MG,-21.9875,-43.0112,Chiador
cipotanea,MG,-20.9183,-43.3517,Cipotânea
claraval,MG,-20.3586,-47.2185,Claraval
claro dos pocoes,MG,-17.0589,-44.2098,Claro Dos Poções
claudio,MG,-20.4053,-44.7762,Cláudio
coimbra,MG,-20.8431,-42.7966,Coimbra
coluna,MG,-18.2587,-42.8308,Coluna
comendador gomes,MG,-19.6709,-49.0763,Comendador Gomes
comercinho,MG,-16.2765,-41.7726,Comercinho
conceicao da aparecida,MG,-21.097,-46.2326,Conceição Da Aparecida
conceicao das pedras,MG,-22.1363,-45.4143,Conceição Das Pedras
conceicao das alagoas,MG,-19.9399,-48.3322,Conceição Das Alagoas
conceicao de ipanema,MG,-19.9214,-41.6831,Conceição De Ipanema
conceicao do mato dentro,MG,-18.9434,-43.4688,Conceição Do Mato Dentro
conceicao do para,MG,-19.7759,-44.8927,Conceição Do Pará
conceicao do rio verde,MG,-21.8938,-45.0828,Conceição Do Rio Verde
conceicao dos ouros,MG,-22.4374,-45.7767,Conceição Dos Ouros
conego marinho,MG,-15.0047,-44.5777,Cônego Marinho
confins,MG,-19.6361,-43.9748,Confins
congonhal,MG,-22.1254,-46.0382,Congonhal
congonhas,MG,-20.5307,-43.8401,Congonhas
congonhas do norte,MG,-18.8664,-43.6685,Congonhas Do Norte
conquista,MG,-19.8684,-47.6136,Conquista
conselheiro lafaiete,MG,-20.646,-43.7824,Conselheiro Lafaiete
conselheiro pena,MG,-19.1457,-41.4436,Conselheiro Pena
consolacao,MG,-22.541,-45.9159,Consolação
contagem,MG,-19.8806,-44.0742,Contagem
coqueiral,MG,-21.1873,-45.4255,Coqueiral
coracao de jesus,MG,-16.6333,-44.4228,Coração De Jesus
cordisburgo,MG,-19.0924,-44.1516,Cordisburgo
cordislandia,MG,-21.7728,-45.6693,Cordislândia
corinto,MG,-18.3252,-44.601,Corinto
coroaci,MG,-18.6089,-42.2741,Coroaci
coromandel,MG,-18.3456,-47.1225,Coromandel
coronel fabriciano,MG,-19.4443,-42.6873,Coronel Fabriciano
coronel murta,MG,-16.5831,-42.1945,Coronel Murta
coronel pacheco,MG,-21.6082,-43.2874,Coronel Pacheco
coronel xavier chaves,MG,-21.0282,-44.2021,Coronel Xavier Chaves
corrego danta,MG,-19.7918,-45.9849,Córrego Danta
corrego do bom jesus,MG,-22.6394,-45.997,Córrego Do Bom Jesus
corrego fundo,MG,-20.4445,-45.5387,Córrego Fundo
corrego novo,MG,-19.8175,-42.419,Córrego Novo
couto de magalhaes de minas,MG,-18.1008,-43.4246,Couto De Magalhães De Minas
crisolita,MG,-17.2436,-40.977,Crisólita
cristais,MG,-20.7985,-45.5755,Cristais
cristalia,MG,-16.719,-42.7955,Cristália
cristiano otoni,MG,-20.8372,-43.8336,Cristiano Otoni
cristina,MG,-22.2015,-45.3074,Cristina
crucilandia,MG,-20.4042,-44.3601,Crucilândia
cruzeiro da fortaleza,MG,-18.9777,-46.6628,Cruzeiro Da Fortaleza
cruzilia,MG,-21.7406,-44.7998,Cruzília
cuparaque,MG,-19.0025,-41.1328,Cuparaque
curral de dentro,MG,-15.8429,-41.7557,Curral De Dentro
curvelo,MG,-18.7735,-44.3859,Curvelo
datas,MG,-18.4575,-43.6604,Datas
delfim moreira,MG,-22.5024,-45.2959,Delfim Moreira
delfinopolis,MG,-20.3379,-46.7957,Delfinópolis
delta,MG,-19.9187,-47.8108,Delta
descoberto,MG,-21.442,-42.9668,Descoberto
desterro de entre rios,MG,-20.6272,-44.2767,Desterro De Entre Rios
desterro do melo,MG,-21.1381,-43.5137,Desterro Do Melo
diamantina,MG,-17.9458,-43.5957,Diamantina
diogo de vasconcelos,MG,-20.4667,-43.1899,Diogo De Vasconcelos
dionisio,MG,-19.8322,-42.6823,Dionísio
divinesia,MG,-20.9899,-42.9901,Divinésia
divino,MG,-20.5674,-42.1884,Divino
divino das laranjeiras,MG,-18.7123,-41.4898,Divino Das Laranjeiras
divinolandia de minas,MG,-18.7869,-42.5642,Divinolândia De Minas
divinopolis,MG,-20.0925,-44.9131,Divinópolis
divisa alegre,MG,-15.6949,-41.3849,Divisa Alegre
divisa nova,MG,-21.5236,-46.2246,Divisa Nova
divisopolis,MG,-15.7555,-40.8891,Divisópolis
dom bosco,MG,-16.7736,-46.3159,Dom Bosco
dom cavati,MG,-19.3778,-42.0977,Dom Cavati
dom joaquim,MG,-18.9426,-43.2666,Dom Joaquim
dom silverio,MG,-20.12,-42.946,Dom Silvério
dom vicoso,MG,-22.2346,-45.1407,Dom Viçoso
dona euzebia,MG,-21.3325,-42.8105,Dona Euzébia
dores de campos,MG,-21.1028,-43.9932,Dores De Campos
dores de guanhaes,MG,-19.0363,-42.9249,Dores De Guanhães
dores do indaia,MG,-19.4643,-45.5104,Dores Do Indaiá
dores do turvo,MG,-21.0193,-43.1504,Dores Do Turvo
doresopolis,MG,-20.2949,-45.9111,Doresópolis
douradoquara,MG,-18.4364,-47.6209,Douradoquara
durande,MG,-20.14,-41.7945,Durandé
eloi mendes,MG,-21.5938,-45.5882,Elói Mendes
engenheiro caldas,MG,-19.1266,-42.0253,Engenheiro Caldas
engenheiro navarro,MG,-17.2889,-44.0286,Engenheiro Navarro
entre folhas,MG,-19.6465,-42.2436,Entre Folhas
entre rios de minas,MG,-20.7025,-44.1046,Entre Rios De Minas
ervalia,MG,-20.8417,-42.6096,Ervália
esmeraldas,MG,-19.7399,-44.3354,Esmeraldas
espera feliz,MG,-20.5843,-41.9155,Espera Feliz
espinosa,MG,-14.8937,-42.9517,Espinosa
espirito santo do dourado,MG,-22.0136,-45.9808,Espírito Santo Do Dourado
estiva,MG,-22.4495,-46.0309,Estiva
estrela dalva,MG,-21.7001,-42.4623,Estrela Dalva
estrela do indaia,MG,-19.5822,-45.8022,Estrela Do Indaiá
estrela do sul,MG,-18.7223,-47.7234,Estrela Do Sul
eugenopolis,MG,-21.03,-42.2239,Eugenópolis
ewbank da camara,MG,-21.5687,-43.5541,Ewbank Da Câmara
extrema,MG,-22.8244,-46.2912,Extrema
fama,MG,-21.4537,-45.8118,Fama
faria lemos,MG,-20.775,-42.0275,Faria Lemos
felicio dos santos,MG,-18.1333,-43.2347,Felício Dos Santos
sao goncalo do rio preto,MG,-18.0671,-43.3483,São Gonçalo Do Rio Preto
felisburgo,MG,-16.6511,-40.7166,Felisburgo
felixlandia,MG,-18.7089,-44.9687,Felixlândia
fernandes tourinho,MG,-19.0959,-42.0943,Fernandes Tourinho
ferros,MG,-19.2403,-42.9859,Ferros
fervedouro,MG,-20.6949,-42.3387,Fervedouro
florestal,MG,-19.8619,-44.4481,Florestal
formiga,MG,-20.523,-45.4828,Formiga
formoso,MG,-15.1124,-46.1568,Formoso
fortaleza de minas,MG,-20.8828,-46.7716,Fortaleza De Minas
fortuna de minas,MG,-19.5395,-44.5218,Fortuna De Minas
francisco badaro,MG,-16.9432,-42.2891,Francisco Badaró
francisco dumont,MG,-17.3974,-44.2361,Francisco Dumont
francisco sa,MG,-16.424,-43.4939,Francisco Sá
franciscopolis,MG,-17.9688,-41.9426,Franciscópolis
frei gaspar,MG,-18.1434,-41.4941,Frei Gaspar
frei inocencio,MG,-18.5175,-41.8839,Frei Inocêncio
frei lagonegro,MG,-18.1532,-42.7544,Frei Lagonegro
fronteira,MG,-20.2047,-49.162,Fronteira
fronteira dos vales,MG,-16.8922,-40.8394,Fronteira Dos Vales
fruta de leite,MG,-16.1428,-42.5282,Fruta De Leite
frutal,MG,-20.0478,-48.9908,Frutal
funilandia,MG,-19.347,-44.0741,Funilândia
galileia,MG,-18.871,-41.485,Galiléia
gameleiras,MG,-14.9903,-43.2748,Gameleiras
glaucilandia,MG,-16.8879,-43.6424,Glaucilândia
goiabeira,MG,-19.0223,-41.2271,Goiabeira
goiana,MG,-21.5511,-43.2044,Goianá
goncalves,MG,-22.6777,-45.8402,Gonçalves
gonzaga,MG,-18.8698,-42.514,Gonzaga
gouveia,MG,-18.5496,-43.8828,Gouveia
governador valadares,MG,-18.7548,-41.9597,Governador Valadares
grao mogol,MG,-16.5259,-42.9586,Grão Mogol
grupiara,MG,-18.4664,-47.778,Grupiara
guanhaes,MG,-18.8802,-42.8101,Guanhães
guape,MG,-20.7633,-45.927,Guapé
guaraciaba,MG,-20.5689,-43.0257,Guaraciaba
guaraciama,MG,-17.0843,-43.6096,Guaraciama
guaranesia,MG,-21.2956,-46.8221,Guaranésia
guarani,MG,-21.3403,-43.0609,Guarani
guarara,MG,-21.7466,-43.022,Guarará
guarda-mor,MG,-17.7276,-47.1283,Guarda-Mor
guaxupe,MG,-21.277,-46.6861,Guaxupé
guidoval,MG,-21.1709,-42.791,Guidoval
guimarania,MG,-18.7925,-46.7671,Guimarânia
guiricema,MG,-21.0234,-42.7009,Guiricema
gurinhata,MG,-19.0771,-49.8928,Gurinhatã
heliodora,MG,-22.0403,-45.5279,Heliodora
iapu,MG,-19.3576,-42.2526,Iapu
ibertioga,MG,-21.453,-43.9346,Ibertioga
ibia,MG,-19.55,-46.5769,Ibiá
ibiai,MG,-16.7976,-44.809,Ibiaí
ibiracatu,MG,-15.6422,-44.1201,Ibiracatu
ibiraci,MG,-20.3744,-47.1245,Ibiraci
ibirite,MG,-20.0167,-44.0761,Ibirité
ibitiura de minas,MG,-22.0586,-46.4071,Ibitiúra De Minas
ibituruna,MG,-21.1628,-44.7859,Ibituruna
icarai de minas,MG,-16.1929,-44.8545,Icaraí De Minas
igarape,MG,-20.0454,-44.3093,Igarapé
igaratinga,MG,-19.9442,-44.7449,Igaratinga
iguatama,MG,-20.1088,-45.7469,Iguatama
ijaci,MG,-21.1669,-44.9174,Ijaci
ilicinea,MG,-20.9148,-45.7995,Ilicínea
imbe de minas,MG,-19.6445,-41.9818,Imbé De Minas
inconfidentes,MG,-22.3415,-46.2752,Inconfidentes
indaiabira,MG,-15.5609,-42.1566,Indaiabira
indianopolis,MG,-18.9768,-47.8771,Indianópolis
ingai,MG,-21.414,-44.9334,Ingaí
inhapim,MG,-19.4877,-41.9489,Inhapim
inhauma,MG,-19.4976,-44.414,Inhaúma
inimutaba,MG,-18.7311,-44.2619,Inimutaba
ipaba,MG,-19.3955,-42.3802,Ipaba
ipanema,MG,-19.756,-41.7712,Ipanema
ipatinga,MG,-19.4354,-42.6107,Ipatinga
ipiacu,MG,-18.7025,-49.9315,Ipiaçu
ipuiuna,MG,-22.0097,-46.1382,Ipuiúna
irai de minas,MG,-19.0544,-47.4528,Iraí De Minas
itabira,MG,-19.558,-43.3027,Itabira
itabirinha,MG,-18.5479,-41.2557,Itabirinha
itabirito,MG,-20.2354,-43.7464,Itabirito
itacambira,MG,-16.8529,-43.3089,Itacambira
itacarambi,MG,-15.1428,-44.1669,Itacarambi
itaguara,MG,-20.3533,-44.5117,Itaguara
itaipe,MG,-17.4248,-41.633,Itaipé
itajuba,MG,-22.4169,-45.4109,Itajubá
itamarandiba,MG,-17.848,-42.8596,Itamarandiba
itamarati de minas,MG,-21.4159,-42.8533,Itamarati De Minas
itambacuri,MG,-18.1639,-41.838,Itambacuri
itambe do mato dentro,MG,-19.3959,-43.3496,Itambé Do Mato Dentro
itamogi,MG,-21.0894,-47.0631,Itamogi
itamonte,MG,-22.2795,-44.7572,Itamonte
itanhandu,MG,-22.3192,-44.9149,Itanhandu
itanhomi,MG,-19.153,-41.8425,Itanhomi
itaobim,MG,-16.5464,-41.5325,Itaobim
itapagipe,MG,-19.7807,-49.446,Itapagipe
itapecerica,MG,-20.4535,-45.1109,Itapecerica
itapeva,MG,-22.7005,-46.2078,Itapeva
itatiaiucu,MG,-20.203,-44.4547,Itatiaiuçu
itau de minas,MG,-20.7313,-46.7769,Itaú De Minas
itauna,MG,-20.0798,-44.5678,Itaúna
itaverava,MG,-20.6971,-43.6148,Itaverava
itinga,MG,-16.5893,-41.8447,Itinga
itueta,MG,-19.3765,-41.0977,Itueta
ituiutaba,MG,-18.9589,-49.5643,Ituiutaba
itumirim,MG,-21.265,-44.8336,Itumirim
iturama,MG,-19.6756,-50.3976,Iturama
itutinga,MG,-21.3421,-44.7052,Itutinga
jaboticatubas,MG,-19.4494,-43.7663,Jaboticatubas
jacinto,MG,-16.175,-40.3427,Jacinto
jacui,MG,-21.0136,-46.7298,Jacuí
jacutinga,MG,-22.2686,-46.5778,Jacutinga
jaguaracu,MG,-19.6301,-42.711,Jaguaraçu
jaiba,MG,-15.19,-43.6187,Jaíba
jampruca,MG,-18.4635,-41.7363,Jampruca
janauba,MG,-15.8191,-43.3799,Janaúba
januaria,MG,-15.3024,-44.7978,Januária
japaraiba,MG,-20.1254,-45.554,Japaraíba
japonvar,MG,-15.911,-44.3442,Japonvar
jeceaba,MG,-20.5537,-44.0531,Jeceaba
jenipapo de minas,MG,-17.1745,-42.2274,Jenipapo De Minas
jequeri,MG,-20.4694,-42.6141,Jequeri
jequitai,MG,-17.2275,-44.4603,Jequitaí
jequitiba,MG,-19.2027,-44.0112,Jequitibá
jequitinhonha,MG,-16.3886,-41.0695,Jequitinhonha
jesuania,MG,-22.0141,-45.2891,Jesuânia
joaima,MG,-16.8134,-41.024,Joaíma
joanesia,MG,-19.1954,-42.7083,Joanésia
joao monlevade,MG,-19.8291,-43.1709,João Monlevade
joao pinheiro,MG,-17.4835,-46.0003,João Pinheiro
joaquim felicio,MG,-17.6679,-44.1267,Joaquim Felício
jordania,MG,-15.8755,-40.3359,Jordânia
jose goncalves de minas,MG,-16.8938,-42.6668,José Gonçalves De Minas
jose raydan,MG,-18.2359,-42.4929,José Raydan
josenopolis,MG,-16.5435,-42.5181,Josenópolis
nova uniao,MG,-19.6385,-43.5779,Nova União
juatuba,MG,-19.9572,-44.3439,Juatuba
juiz de fora,MG,-21.7559,-43.4423,Juiz De Fora
juramento,MG,-16.8696,-43.5618,Juramento
juruaia,MG,-21.213,-46.5108,Juruaia
juvenilia,MG,-14.3597,-44.1063,Juvenília
ladainha,MG,-17.6454,-41.834,Ladainha
lagamar,MG,-18.0618,-46.7236,Lagamar
lagoa da prata,MG,-19.9847,-45.5221,Lagoa Da Prata
lagoa dos patos,MG,-17.0527,-44.6782,Lagoa Dos Patos
lagoa dourada,MG,-20.8889,-44.0864,Lagoa Dourada
lagoa formosa,MG,-18.7707,-46.3523,Lagoa Formosa
lagoa grande,MG,-17.7373,-46.5105,Lagoa Grande
lagoa santa,MG,-19.6151,-43.8811,Lagoa Santa
lajinha,MG,-20.1146,-41.5741,Lajinha
lambari,MG,-21.9939,-45.3593,Lambari
lamim,MG,-20.7802,-43.4755,Lamim
laranjal,MG,-21.3458,-42.4482,Laranjal
lassance,MG,-17.8789,-44.6741,Lassance
lavras,MG,-21.2514,-45.0307,Lavras
leandro ferreira,MG,-19.6723,-45.0365,Leandro Ferreira
leme do prado,MG,-17.0641,-42.7434,Leme Do Prado
leopoldina,MG,-21.5268,-42.6253,Leopoldina
liberdade,MG,-22.011,-44.3497,Liberdade
lima duarte,MG,-21.7975,-43.8841,Lima Duarte
limeira do oeste,MG,-19.3703,-50.6386,Limeira Do Oeste
lontra,MG,-15.8473,-44.2774,Lontra
luisburgo,MG,-20.4456,-42.0694,Luisburgo
luislandia,MG,-16.1727,-44.5713,Luislândia
luminarias,MG,-21.5106,-44.9027,Luminárias
luz,MG,-19.841,-45.6589,Luz
machacalis,MG,-17.0732,-40.7122,Machacalis
machado,MG,-21.6914,-45.878,Machado
madre de deus de minas,MG,-21.4806,-44.3439,Madre De Deus De Minas
malacacheta,MG,-17.8265,-42.0921,Malacacheta
mamonas,MG,-15.0025,-42.9528,Mamonas
manga,MG,-14.6455,-44.1489,Manga
manhuacu,MG,-20.1771,-42.111,Manhuaçu
manhumirim,MG,-20.3434,-41.9281,Manhumirim
mantena,MG,-18.6784,-41.1007,Mantena
maravilhas,MG,-19.4987,-44.6564,Maravilhas
mar de espanha,MG,-21.8746,-43.0286,Mar De Espanha
maria da fe,MG,-22.3169,-45.295,Maria Da Fé
mariana,MG,-20.3109,-43.3121,Mariana
marilac,MG,-18.4969,-42.0681,Marilac
mario campos,MG,-20.0718,-44.1735,Mário Campos
maripa de minas,MG,-21.6884,-42.9639,Maripá De Minas
marlieria,MG,-19.6884,-42.6212,Marliéria
marmelopolis,MG,-22.4575,-45.1652,Marmelópolis
martinho campos,MG,-19.3732,-45.2204,Martinho Campos
martins soares,MG,-20.2559,-41.8442,Martins Soares
mata verde,MG,-15.7618,-40.713,Mata Verde
materlandia,MG,-18.4446,-43.0112,Materlândia
mateus leme,MG,-20.0147,-44.4441,Mateus Leme
matias barbosa,MG,-21.8655,-43.2957,Matias Barbosa
matias cardoso,MG,-14.8772,-43.6852,Matias Cardoso
matipo,MG,-20.2929,-42.3124,Matipó
mato verde,MG,-15.416,-42.9017,Mato Verde
matozinhos,MG,-19.512,-44.0379,Matozinhos
matutina,MG,-19.1737,-45.9773,Matutina
medeiros,MG,-19.9871,-46.3746,Medeiros
medina,MG,-16.2864,-41.5238,Medina
mendes pimentel,MG,-18.6166,-41.3486,Mendes Pimentel
merces,MG,-21.1903,-43.3261,Mercês
mesquita,MG,-19.2523,-42.6105,Mesquita
minas novas,MG,-17.3489,-42.4053,Minas Novas
minduri,MG,-21.6666,-44.6112,Minduri
mirabela,MG,-16.2596,-44.1533,Mirabela
miradouro,MG,-20.8429,-42.3806,Miradouro
mirai,MG,-21.1535,-42.5934,Miraí
miravania,MG,-14.7275,-44.4253,Miravânia
moeda,MG,-20.322,-44.0254,Moeda
moema,MG,-19.8321,-45.4153,Moema
monjolos,MG,-18.3926,-44.0178,Monjolos
monsenhor paulo,MG,-21.7124,-45.476,Monsenhor Paulo
montalvania,MG,-14.4905,-44.5207,Montalvânia
monte alegre de minas,MG,-18.7979,-48.9173,Monte Alegre De Minas
monte azul,MG,-15.2108,-42.9788,Monte Azul
monte belo,MG,-21.3268,-46.3113,Monte Belo
monte carmelo,MG,-18.6479,-47.5059,Monte Carmelo
monte formoso,MG,-16.8878,-41.2814,Monte Formoso
monte santo de minas,MG,-21.1776,-46.9555,Monte Santo De Minas
montes claros,MG,-16.6101,-43.9315,Montes Claros
monte siao,MG,-22.4206,-46.5199,Monte Sião
montezuma,MG,-15.1642,-42.4822,Montezuma
morada nova de minas,MG,-18.6055,-45.4159,Morada Nova De Minas
morro da garca,MG,-18.6092,-44.6309,Morro Da Garça
morro do pilar,MG,-19.2012,-43.4076,Morro Do Pilar
munhoz,MG,-22.6194,-46.3387,Munhoz
muriae,MG,-21.0577,-42.4373,Muriaé
mutum,MG,-19.8971,-41.455,Mutum
muzambinho,MG,-21.3602,-46.5239,Muzambinho
nacip raydan,MG,-18.4644,-42.166,Nacip Raydan
nanuque,MG,-17.7669,-40.4908,Nanuque
naque,MG,-19.1705,-42.3444,Naque
natalandia,MG,-16.5682,-46.4802,Natalândia
natercia,MG,-22.129,-45.4723,Natércia
nazareno,MG,-21.2293,-44.6065,Nazareno
nepomuceno,MG,-21.2154,-45.2482,Nepomuceno
ninheira,MG,-15.3732,-41.6981,Ninheira
nova belem,MG,-18.4984,-41.1036,Nova Belém
nova era,MG,-19.7023,-43.0151,Nova Era
nova lima,MG,-20.0607,-43.8818,Nova Lima
nova modica,MG,-18.4544,-41.507,Nova Módica
nova ponte,MG,-19.2014,-47.6905,Nova Ponte
nova porteirinha,MG,-15.7134,-43.275,Nova Porteirinha
nova resende,MG,-21.0901,-46.43,Nova Resende
nova serrana,MG,-19.8289,-44.9708,Nova Serrana
novo cruzeiro,MG,-17.3523,-41.9689,Novo Cruzeiro
novo oriente de minas,MG,-17.2428,-41.2273,Novo Oriente De Minas
novorizonte,MG,-16.0042,-42.3948,Novorizonte
olaria,MG,-21.8952,-43.9582,Olaria
olhos-d'agua,MG,-17.5163,-43.597,Olhos-D'água
olimpio noronha,MG,-22.089,-45.2825,Olímpio Noronha
oliveira,MG,-20.7446,-44.7209,Oliveira
oliveira fortes,MG,-21.3307,-43.512,Oliveira Fortes
onca de pitangui,MG,-19.7036,-44.7484,Onça De Pitangui
oratorios,MG,-20.4305,-42.8017,Oratórios
orizania,MG,-20.5181,-42.2149,Orizânia
ouro branco,MG,-20.5288,-43.6868,Ouro Branco
ouro fino,MG,-22.2601,-46.3862,Ouro Fino
ouro preto,MG,-20.388,-43.6194,Ouro Preto
ouro verde de minas,MG,-18.0287,-41.2921,Ouro Verde De Minas
padre carvalho,MG,-16.2925,-42.601,Padre Carvalho
padre paraiso,MG,-17.0554,-41.5356,Padre Paraíso
paineiras,MG,-18.9074,-45.5019,Paineiras
pains,MG,-20.379,-45.6893,Pains
pai pedro,MG,-15.3425,-43.1811,Pai Pedro
paiva,MG,-21.2827,-43.4238,Paiva
palma,MG,-21.4236,-42.3332,Palma
palmopolis,MG,-16.7763,-40.3702,Palmópolis
papagaios,MG,-19.3822,-44.6906,Papagaios
paracatu,MG,-17.1769,-46.88,Paracatu
para de minas,MG,-19.8225,-44.5805,Pará De Minas
paraguacu,MG,-21.564,-45.7501,Paraguaçu
paraisopolis,MG,-22.5821,-45.8271,Paraisópolis
paraopeba,MG,-19.2877,-44.4585,Paraopeba
passabem,MG,-19.3465,-43.1891,Passabém
passa quatro,MG,-22.4,-44.9592,Passa Quatro
passa tempo,MG,-20.6346,-44.4751,Passa Tempo
passa vinte,MG,-22.1733,-44.2506,Passa Vinte
passos,MG,-20.7292,-46.6291,Passos
patis,MG,-16.0662,-44.1162,Patis
patos de minas,MG,-18.5582,-46.5255,Patos De Minas
patrocinio,MG,-18.9656,-47.0606,Patrocínio
patrocinio do muriae,MG,-21.1615,-42.2556,Patrocínio Do Muriaé
paula candido,MG,-20.8659,-42.9909,Paula Cândido
paulistas,MG,-18.447,-42.8709,Paulistas
pavao,MG,-17.4785,-41.0686,Pavão
pecanha,MG,-18.544,-42.5095,Peçanha
pedra azul,MG,-15.9752,-41.2199,Pedra Azul
pedra bonita,MG,-20.4642,-42.3772,Pedra Bonita
pedra do anta,MG,-20.5833,-42.7234,Pedra Do Anta
pedra do indaia,MG,-20.2805,-45.2098,Pedra Do Indaiá
pedra dourada,MG,-20.8298,-42.1622,Pedra Dourada
pedralva,MG,-22.241,-45.4474,Pedralva
pedras de maria da cruz,MG,-15.6351,-44.3133,Pedras De Maria Da Cruz
pedrinopolis,MG,-19.1791,-47.5145,Pedrinópolis
pedro leopoldo,MG,-19.6263,-44.0246,Pedro Leopoldo
pedro teixeira,MG,-21.7408,-43.7306,Pedro Teixeira
pequeri,MG,-21.8012,-43.1411,Pequeri
pequi,MG,-19.5892,-44.6313,Pequi
perdigao,MG,-19.9257,-45.0653,Perdigão
perdizes,MG,-19.3576,-47.1516,Perdizes
perdoes,MG,-21.0668,-45.0644,Perdões
periquito,MG,-19.0781,-42.231,Periquito
pescador,MG,-18.316,-41.5591,Pescador
piau,MG,-21.4925,-43.3064,Piau
piedade de caratinga,MG,-19.7692,-42.0499,Piedade De Caratinga
piedade de ponte nova,MG,-20.2323,-42.7097,Piedade De Ponte Nova
piedade do rio grande,MG,-21.4841,-44.1684,Piedade Do Rio Grande
piedade dos gerais,MG,-20.4803,-44.2412,Piedade Dos Gerais
pimenta,MG,-20.5272,-45.8323,Pimenta
pingo-d'agua,MG,-19.7421,-42.4238,Pingo-D'água
pintopolis,MG,-16.0475,-45.2193,Pintópolis
piracema,MG,-20.514,-44.4136,Piracema
pirajuba,MG,-19.9386,-48.6837,Pirajuba
piranga,MG,-20.6354,-43.2965,Piranga
pirangucu,MG,-22.5629,-45.5201,Piranguçu
piranguinho,MG,-22.3704,-45.5898,Piranguinho
pirapetinga,MG,-21.6689,-42.3604,Pirapetinga
pirapora,MG,-17.3592,-44.8588,Pirapora
pirauba,MG,-21.2655,-43.0277,Piraúba
pitangui,MG,-19.5852,-44.9052,Pitangui
piumhi,MG,-20.441,-46.063,Piumhi
planura,MG,-20.0665,-48.6432,Planura
poco fundo,MG,-21.7963,-46.0158,Poço Fundo
pocos de caldas,MG,-21.773,-46.5335,Poços De Caldas
pocrane,MG,-19.5728,-41.5524,Pocrane
pompeu,MG,-19.0736,-44.9356,Pompéu
ponte nova,MG,-20.3892,-42.911,Ponte Nova
ponto chique,MG,-16.6335,-44.9596,Ponto Chique
ponto dos volantes,MG,-16.8339,-41.4544,Ponto Dos Volantes
porteirinha,MG,-15.7153,-43.1272,Porteirinha
porto firme,MG,-20.6595,-43.0855,Porto Firme
pote,MG,-17.8112,-41.7624,Poté
pouso alegre,MG,-22.2282,-45.9093,Pouso Alegre
pouso alto,MG,-22.1677,-44.9465,Pouso Alto
prados,MG,-21.1093,-44.0568,Prados
prata,MG,-19.3792,-49.0023,Prata
pratapolis,MG,-20.7853,-46.8401,Pratápolis
pratinha,MG,-19.753,-46.3835,Pratinha
presidente bernardes,MG,-20.77,-43.1754,Presidente Bernardes
presidente juscelino,MG,-18.7188,-44.0879,Presidente Juscelino
presidente kubitschek,MG,-18.6482,-43.5671,Presidente Kubitschek
presidente olegario,MG,-18.2229,-46.4211,Presidente Olegário
alto jequitiba,MG,-20.4457,-41.9575,Alto Jequitibá
prudente de morais,MG,-19.465,-44.1181,Prudente De Morais
quartel geral,MG,-19.2733,-45.6149,Quartel Geral
queluzito,MG,-20.7259,-43.8919,Queluzito
raposos,MG,-19.9693,-43.7868,Raposos
raul soares,MG,-20.0317,-42.3826,Raul Soares
recreio,MG,-21.5204,-42.4257,Recreio
reduto,MG,-20.2329,-41.9347,Reduto
resende costa,MG,-20.8442,-44.285,Resende Costa
resplendor,MG,-19.1996,-41.1362,Resplendor
ressaquinha,MG,-21.0903,-43.7778,Ressaquinha
riachinho,MG,-16.2337,-45.9261,Riachinho
riacho dos machados,MG,-16.0395,-43.0171,Riacho Dos Machados
ribeirao das neves,MG,-19.7582,-44.0689,Ribeirão Das Neves
ribeirao vermelho,MG,-21.1538,-45.0758,Ribeirão Vermelho
rio acima,MG,-20.0982,-43.7708,Rio Acima
rio casca,MG,-20.1127,-42.6734,Rio Casca
rio doce,MG,-20.1988,-42.8826,Rio Doce
rio do prado,MG,-16.6684,-40.5771,Rio Do Prado
rio espera,MG,-20.8461,-43.5174,Rio Espera
rio manso,MG,-20.2463,-44.3513,Rio Manso
rio novo,MG,-21.4758,-43.1542,Rio Novo
rio paranaiba,MG,-19.2192,-46.2946,Rio Paranaíba
rio pardo de minas,MG,-15.7059,-42.5589,Rio Pardo De Minas
rio piracicaba,MG,-19.9636,-43.1497,Rio Piracicaba
rio pomba,MG,-21.245,-43.1761,Rio Pomba
rio preto,MG,-22.0183,-43.8674,Rio Preto
rio vermelho,MG,-18.2588,-43.0479,Rio Vermelho
ritapolis,MG,-20.9994,-44.3623,Ritápolis
rochedo de minas,MG,-21.6388,-43.0353,Rochedo De Minas
rodeiro,MG,-21.2116,-42.8436,Rodeiro
romaria,MG,-18.8919,-47.5515,Romaria
rosario da limeira,MG,-20.9808,-42.5187,Rosário Da Limeira
rubelita,MG,-16.3544,-42.2026,Rubelita
rubim,MG,-16.4588,-40.4934,Rubim
sabara,MG,-19.8448,-43.7782,Sabará
sabinopolis,MG,-18.626,-43.0571,Sabinópolis
sacramento,MG,-19.8849,-47.2857,Sacramento
salinas,MG,-16.0743,-42.1814,Salinas
salto da divisa,MG,-16.0703,-40.0436,Salto Da Divisa
santa barbara,MG,-20.0203,-43.4405,Santa Bárbara
santa barbara do leste,MG,-19.9333,-42.0879,Santa Bárbara Do Leste
santa barbara do monte verde,MG,-21.9758,-43.6862,Santa Bárbara Do Monte Verde
santa barbara do tugurio,MG,-21.2462,-43.5403,Santa Bárbara Do Tugúrio
santa cruz de minas,MG,-21.1196,-44.2232,Santa Cruz De Minas
santa cruz de salinas,MG,-16.0558,-41.8043,Santa Cruz De Salinas
santa cruz do escalvado,MG,-20.2286,-42.8303,Santa Cruz Do Escalvado
santa efigenia de minas,MG,-18.8451,-42.4029,Santa Efigênia De Minas
santa fe de minas,MG,-16.6959,-45.5283,Santa Fé De Minas
santa helena de minas,MG,-16.8989,-40.6452,Santa Helena De Minas
santa juliana,MG,-19.3704,-47.5316,Santa Juliana
santa luzia,MG,-19.7301,-43.8199,Santa Luzia
santa margarida,MG,-20.4288,-42.2555,Santa Margarida
santa maria de itabira,MG,-19.4325,-43.035,Santa Maria De Itabira
santa maria do salto,MG,-16.3134,-40.1197,Santa Maria Do Salto
santa maria do suacui,MG,-18.2495,-42.3195,Santa Maria Do Suaçuí
santana da vargem,MG,-21.273,-45.4883,Santana Da Vargem
santana de cataguases,MG,-21.2631,-42.5721,Santana De Cataguases
santana de pirapama,MG,-18.9189,-43.9621,Santana De Pirapama
santana do deserto,MG,-21.9273,-43.175,Santana Do Deserto
santana do garambeu,MG,-21.6286,-44.0603,Santana Do Garambéu
santana do jacare,MG,-20.8868,-45.0689,Santana Do Jacaré
santana do manhuacu,MG,-20.0247,-41.8961,Santana Do Manhuaçu
santana do paraiso,MG,-19.3828,-42.5334,Santana Do Paraíso
santana do riacho,MG,-19.1624,-43.6948,Santana Do Riacho
santana dos montes,MG,-20.7902,-43.6654,Santana Dos Montes
santa rita de caldas,MG,-22.007,-46.2678,Santa Rita De Caldas
santa rita de jacutinga,MG,-22.1071,-44.1108,Santa Rita De Jacutinga
santa rita de minas,MG,-19.8766,-42.1294,Santa Rita De Minas
santa rita de ibitipoca,MG,-21.5571,-43.9472,Santa Rita De Ibitipoca
santa rita do itueto,MG,-19.4247,-41.4058,Santa Rita Do Itueto
santa rita do sapucai,MG,-22.2464,-45.6773,Santa Rita Do Sapucaí
santa rosa da serra,MG,-19.5338,-45.9807,Santa Rosa Da Serra
santa vitoria,MG,-19.0751,-50.3574,Santa Vitória
santo antonio do amparo,MG,-20.9128,-44.9464,Santo Antônio Do Amparo
santo antonio do aventureiro,MG,-21.7449,-42.8093,Santo Antônio Do Aventureiro
santo antonio do grama,MG,-20.3177,-42.6162,Santo Antônio Do Grama
santo antonio do itambe,MG,-18.4994,-43.2563,Santo Antônio Do Itambé
santo antonio do jacinto,MG,-16.511,-40.2852,Santo Antônio Do Jacinto
santo antonio do monte,MG,-20.0812,-45.2971,Santo Antônio Do Monte
santo antonio do retiro,MG,-15.2698,-42.6631,Santo Antônio Do Retiro
santo antonio do rio abaixo,MG,-19.2468,-43.2397,Santo Antônio Do Rio Abaixo
santo hipolito,MG,-18.3888,-44.1796,Santo Hipólito
santos dumont,MG,-21.4692,-43.5375,Santos Dumont
sao bento abade,MG,-21.5608,-45.0721,São Bento Abade
sao bras do suacui,MG,-20.6233,-43.9679,São Brás Do Suaçuí
sao domingos das dores,MG,-19.5185,-42.0348,São Domingos Das Dores
sao domingos do prata,MG,-19.8941,-42.8718,São Domingos Do Prata
sao felix de minas,MG,-18.5682,-41.4338,São Félix De Minas
sao francisco,MG,-15.8884,-44.7831,São Francisco
sao francisco de paula,MG,-20.7151,-44.9781,São Francisco De Paula
sao francisco de sales,MG,-19.7712,-49.8852,São Francisco De Sales
sao francisco do gloria,MG,-20.7764,-42.2971,São Francisco Do Glória
sao geraldo,MG,-20.9021,-42.8322,São Geraldo
sao geraldo da piedade,MG,-18.888,-42.3053,São Geraldo Da Piedade
sao geraldo do baixio,MG,-18.9138,-41.3651,São Geraldo Do Baixio
sao goncalo do abaete,MG,-18.195,-45.5829,São Gonçalo Do Abaeté
sao goncalo do para,MG,-19.9645,-44.8594,São Gonçalo Do Pará
sao goncalo do rio abaixo,MG,-19.8272,-43.3062,São Gonçalo Do Rio Abaixo
sao goncalo do sapucai,MG,-21.8882,-45.6164,São Gonçalo Do Sapucaí
sao gotardo,MG,-19.365,-45.9865,São Gotardo
sao joao batista do gloria,MG,-20.5486,-46.4457,São João Batista Do Glória
sao joao da lagoa,MG,-16.8312,-44.299,São João Da Lagoa
sao joao da mata,MG,-21.9371,-45.9448,São João Da Mata
sao joao da ponte,MG,-15.8828,-43.8518,São João Da Ponte
sao joao das missoes,MG,-14.9145,-44.1959,São João Das Missões
sao joao del rei,MG,-21.2408,-44.269,São João Del Rei
sao joao do manhuacu,MG,-20.3565,-42.1528,São João Do Manhuaçu
sao joao do manteninha,MG,-18.7381,-41.1556,São João Do Manteninha
sao joao do oriente,MG,-19.3399,-42.1773,São João Do Oriente
sao joao do pacui,MG,-16.5428,-44.5104,São João Do Pacuí
sao joao do paraiso,MG,-15.3372,-41.9682,São João Do Paraíso
sao joao evangelista,MG,-18.5139,-42.7812,São João Evangelista
sao joao nepomuceno,MG,-21.5718,-43.0132,São João Nepomuceno
sao joaquim de bicas,MG,-20.0547,-44.2462,São Joaquim De Bicas
sao jose da barra,MG,-20.7618,-46.2605,São José Da Barra
sao jose da lapa,MG,-19.6973,-43.9915,São José Da Lapa
sao jose da safira,MG,-18.3381,-42.1255,São José Da Safira
sao jose da varginha,MG,-19.6796,-44.5436,São José Da Varginha
sao jose do alegre,MG,-22.3201,-45.5118,São José Do Alegre
sao jose do divino,MG,-18.3987,-41.3677,São José Do Divino
sao jose do goiabal,MG,-19.9258,-42.6947,São José Do Goiabal
sao jose do jacuri,MG,-18.2286,-42.6687,São José Do Jacuri
sao jose do mantimento,MG,-20.023,-41.7639,São José Do Mantimento
sao lourenco,MG,-22.1109,-45.0281,São Lourenço
sao miguel do anta,MG,-20.7312,-42.698,São Miguel Do Anta
sao pedro da uniao,MG,-21.1157,-46.6315,São Pedro Da União
sao pedro dos ferros,MG,-20.0738,-42.5634,São Pedro Dos Ferros
sao pedro do suacui,MG,-18.3495,-42.6045,São Pedro Do Suaçuí
sao romao,MG,-16.3616,-45.4029,São Romão
sao roque de minas,MG,-20.1791,-46.5031,São Roque De Minas
sao sebastiao da bela vista,MG,-22.1583,-45.7924,São Sebastião Da Bela Vista
sao sebastiao da vargem alegre,MG,-21.0096,-42.6007,São Sebastião Da Vargem Alegre
sao sebastiao do anta,MG,-19.4953,-41.9522,São Sebastião Do Anta
sao sebastiao do maranhao,MG,-18.0401,-42.5372,São Sebastião Do Maranhão
sao sebastiao do oeste,MG,-20.2588,-45.0522,São Sebastião Do Oeste
sao sebastiao do paraiso,MG,-20.9047,-46.9975,São Sebastião Do Paraíso
sao sebastiao do rio preto,MG,-19.3018,-43.2246,São Sebastião Do Rio Preto
sao sebastiao do rio verde,MG,-22.2138,-45.0291,São Sebastião Do Rio Verde
sao tiago,MG,-20.9205,-44.5607,São Tiago
sao tomas de aquino,MG,-20.7816,-47.1315,São Tomás De Aquino
sao tome das letras,MG,-21.7356,-44.9696,São Tomé Das Letras
sao vicente de minas,MG,-21.6748,-44.4622,São Vicente De Minas
sapucai-mirim,MG,-22.7809,-45.8321,Sapucaí-Mirim
sardoa,MG,-18.7813,-42.4087,Sardoá
sarzedo,MG,-20.0495,-44.1359,Sarzedo
setubinha,MG,-17.6136,-42.1515,Setubinha
sem-peixe,MG,-20.0684,-42.8174,Sem-Peixe
senador amaral,MG,-22.554,-46.1975,Senador Amaral
senador cortes,MG,-21.748,-42.9043,Senador Cortes
senador firmino,MG,-20.9034,-43.1073,Senador Firmino
senador jose bento,MG,-22.1599,-46.1372,Senador José Bento
senador modestino goncalves,MG,-17.8733,-43.2457,Senador Modestino Gonçalves
senhora de oliveira,MG,-20.8044,-43.3366,Senhora De Oliveira
senhora do porto,MG,-18.918,-43.0575,Senhora Do Porto
senhora dos remedios,MG,-21.0301,-43.5962,Senhora Dos Remédios
sericita,MG,-20.4858,-42.4609,Sericita
seritinga,MG,-21.9157,-44.4516,Seritinga
serra azul de minas,MG,-18.3871,-43.2004,Serra Azul De Minas
serra da saudade,MG,-19.3922,-45.8097,Serra Da Saudade
serra dos aimores,MG,-17.7728,-40.2716,Serra Dos Aimorés
serra do salitre,MG,-19.1518,-46.6629,Serra Do Salitre
serrania,MG,-21.564,-46.086,Serrania
serranopolis de minas,MG,-15.872,-42.8487,Serranópolis De Minas
serranos,MG,-21.8308,-44.5515,Serranos
serro,MG,-18.5441,-43.3829,Serro
sete lagoas,MG,-19.4258,-44.2649,Sete Lagoas
silveirania,MG,-21.1379,-43.1942,Silveirânia
silvianopolis,MG,-22.054,-45.8022,Silvianópolis
simao pereira,MG,-21.9617,-43.2874,Simão Pereira
simonesia,MG,-19.9759,-41.9415,Simonésia
sobralia,MG,-19.1993,-42.1387,Sobrália
soledade de minas,MG,-22.0373,-45.0337,Soledade De Minas
tabuleiro,MG,-21.3562,-43.2452,Tabuleiro
taiobeiras,MG,-15.8344,-42.0706,Taiobeiras
taparuba,MG,-19.7247,-41.6017,Taparuba
tapira,MG,-19.9238,-46.8378,Tapira
tapirai,MG,-19.87,-46.155,Tapiraí
taquaracu de minas,MG,-19.6207,-43.69,Taquaraçu De Minas
tarumirim,MG,-19.2993,-41.9169,Tarumirim
teixeiras,MG,-20.6278,-42.8307,Teixeiras
teofilo otoni,MG,-17.6718,-41.3118,Teófilo Otoni
timoteo,MG,-19.5435,-42.585,Timóteo
tiradentes,MG,-21.1048,-44.1636,Tiradentes
tiros,MG,-18.7888,-45.762,Tiros
tocantins,MG,-21.1689,-43.0254,Tocantins
tocos do moji,MG,-22.3586,-46.1413,Tocos Do Moji
toledo,MG,-22.692,-46.4017,Toledo
tombos,MG,-20.868,-42.0631,Tombos
tres coracoes,MG,-21.6971,-45.2128,Três Corações
tres marias,MG,-18.2942,-45.0534,Três Marias
tres pontas,MG,-21.3966,-45.5102,Três Pontas
tumiritinga,MG,-19.0361,-41.7061,Tumiritinga
tupaciguara,MG,-18.5213,-48.7215,Tupaciguara
turmalina,MG,-17.2521,-42.7947,Turmalina
turvolandia,MG,-21.8716,-45.7847,Turvolândia
uba,MG,-21.1047,-42.9702,Ubá
ubai,MG,-16.3945,-44.9174,Ubaí
ubaporanga,MG,-19.6557,-42.0723,Ubaporanga
uberaba,MG,-19.5701,-47.9827,Uberaba
uberlandia,MG,-18.9716,-48.2913,Uberlândia
umburatiba,MG,-17.2719,-40.6709,Umburatiba
unai,MG,-16.5137,-46.699,Unaí
uniao de minas,MG,-19.4021,-50.3564,União De Minas
uruana de minas,MG,-16.0922,-46.3431,Uruana De Minas
urucania,MG,-20.3206,-42.7246,Urucânia
urucuia,MG,-16.0685,-45.5814,Urucuia
vargem alegre,MG,-19.5996,-42.3128,Vargem Alegre
vargem bonita,MG,-20.4246,-46.3229,Vargem Bonita
vargem grande do rio pardo,MG,-15.3187,-42.304,Vargem Grande Do Rio Pardo
varginha,MG,-21.5619,-45.4275,Varginha
varjao de minas,MG,-18.4686,-45.8963,Varjão De Minas
varzea da palma,MG,-17.4185,-44.7305,Várzea Da Palma
varzelandia,MG,-15.6378,-43.9164,Varzelândia
vazante,MG,-17.8287,-46.8325,Vazante
verdelandia,MG,-15.538,-43.6957,Verdelândia
veredinha,MG,-17.494,-42.7401,Veredinha
verissimo,MG,-19.5732,-48.3863,Veríssimo
vermelho novo,MG,-20.0158,-42.2693,Vermelho Novo
vespasiano,MG,-19.7114,-43.9449,Vespasiano
vicosa,MG,-20.7295,-42.8828,Viçosa
vieiras,MG,-20.9027,-42.2733,Vieiras
mathias lobato,MG,-18.5985,-41.9506,Mathias Lobato
virgem da lapa,MG,-16.7128,-42.3359,Virgem Da Lapa
virginia,MG,-22.3427,-45.1192,Virgínia
virginopolis,MG,-18.8031,-42.6404,Virginópolis
virgolandia,MG,-18.4508,-42.2892,Virgolândia
visconde do rio branco,MG,-21.0075,-42.855,Visconde Do Rio Branco
volta grande,MG,-21.7558,-42.5766,Volta Grande
wenceslau braz,MG,-22.532,-45.3879,Wenceslau Braz
afonso claudio,ES,-20.0987,-41.138,Afonso Cláudio
aguia branca,ES,-18.9837,-40.7226,Águia Branca
agua doce do norte,ES,-18.4824,-40.9991,Água Doce Do Norte
alegre,ES,-20.7265,-41.5393,Alegre
alfredo chaves,ES,-20.547,-40.8282,Alfredo Chaves
alto rio novo,ES,-19.0269,-40.9837,Alto Rio Novo
anchieta,ES,-20.7415,-40.6814,Anchieta
apiaca,ES,-21.0685,-41.552,Apiacá
aracruz,ES,-19.8409,-40.17,Aracruz
atilio vivacqua,ES,-20.9552,-41.1838,Atílio Vivácqua
baixo guandu,ES,-19.4927,-40.953,Baixo Guandu
barra de sao francisco,ES,-18.6603,-40.8146,Barra De São Francisco
boa esperanca,ES,-18.4666,-40.3389,Boa Esperança
bom jesus do norte,ES,-21.0776,-41.6392,Bom Jesus Do Norte
brejetuba,ES,-20.1465,-41.2923,Brejetuba
cachoeiro de itapemirim,ES,-20.7682,-41.1866,Cachoeiro De Itapemirim
cariacica,ES,-20.2859,-40.4729,Cariacica
castelo,ES,-20.522,-41.2061,Castelo
colatina,ES,-19.4744,-40.6634,Colatina
conceicao da barra,ES,-18.431,-39.8737,Conceição Da Barra
conceicao do castelo,ES,-20.3706,-41.2594,Conceição Do Castelo
divino de sao lourenco,ES,-20.5851,-41.7172,Divino De São Lourenço
domingos martins,ES,-20.3105,-40.8248,Domingos Martins
dores do rio preto,ES,-20.6386,-41.8124,Dores Do Rio Preto
ecoporanga,ES,-18.2531,-40.8556,Ecoporanga
fundao,ES,-19.9673,-40.3437,Fundão
governador lindenberg,ES,-19.1961,-40.4826,Governador Lindenberg
guacui,ES,-20.7601,-41.6936,Guaçuí
guarapari,ES,-20.6653,-40.4785,Guarapari
ibatiba,ES,-20.2669,-41.5231,Ibatiba
ibiracu,ES,-19.8186,-40.4288,Ibiraçu
ibitirama,ES,-20.4965,-41.6724,Ibitirama
iconha,ES,-20.7527,-40.8536,Iconha
irupi,ES,-20.3235,-41.6533,Irupi
itaguacu,ES,-19.7256,-40.8713,Itaguaçu
itapemirim,ES,-20.9662,-40.898,Itapemirim
itarana,ES,-19.9351,-40.8812,Itarana
iuna,ES,-20.3722,-41.6613,Iúna
jaguare,ES,-18.9445,-39.9958,Jaguaré
jeronimo monteiro,ES,-20.7907,-41.3879,Jerônimo Monteiro
joao neiva,ES,-19.7239,-40.4252,João Neiva
laranja da terra,ES,-19.8579,-41.0568,Laranja Da Terra
linhares,ES,-19.3181,-40.1711,Linhares
mantenopolis,ES,-18.867,-41.1164,Mantenópolis
marataizes,ES,-21.0607,-40.8453,Marataízes
marechal floriano,ES,-20.4326,-40.7797,Marechal Floriano
marilandia,ES,-19.4024,-40.5236,Marilândia
mimoso do sul,ES,-21.0701,-41.3967,Mimoso Do Sul
montanha,ES,-18.1494,-40.2937,Montanha
mucurici,ES,-18.021,-40.5303,Mucurici
muniz freire,ES,-20.4143,-41.4267,Muniz Freire
muqui,ES,-20.9195,-41.308,Muqui
nova venecia,ES,-18.6646,-40.5588,Nova Venécia
pancas,ES,-19.1448,-40.8189,Pancas
pedro canario,ES,-18.192,-40.0362,Pedro Canário
pinheiros,ES,-18.3552,-40.2302,Pinheiros
piuma,ES,-20.8401,-40.7468,Piúma
ponto belo,ES,-18.2616,-40.5189,Ponto Belo
presidente kennedy,ES,-21.1467,-41.0385,Presidente Kennedy
rio bananal,ES,-19.2161,-40.3279,Rio Bananal
rio novo do sul,ES,-20.7774,-40.9312,Rio Novo Do Sul
santa leopoldina,ES,-20.1098,-40.5553,Santa Leopoldina
santa maria de jetiba,ES,-20.0614,-40.7842,Santa Maria De Jetibá
santa teresa,ES,-19.8988,-40.6333,Santa Teresa
sao domingos do norte,ES,-19.1351,-40.5662,São Domingos Do Norte
sao gabriel da palha,ES,-18.9711,-40.51,São Gabriel Da Palha
sao jose do calcado,ES,-20.9739,-41.6716,São José Do Calçado
sao mateus,ES,-18.7575,-40.0609,São Mateus
sao roque do canaa,ES,-19.7104,-40.6542,São Roque Do Canaã
serra,ES,-20.1191,-40.3137,Serra
sooretama,ES,-19.1069,-40.1342,Sooretama
vargem alta,ES,-20.6338,-41.017,Vargem Alta
venda nova do imigrante,ES,-20.381,-41.1445,Venda Nova Do Imigrante
viana,ES,-20.3861,-40.5147,Viana
vila pavao,ES,-18.6139,-40.6652,Vila Pavão
vila valerio,ES,-18.9652,-40.3507,Vila Valério
vila velha,ES,-20.3665,-40.2881,Vila Velha
vitoria,ES,-20.3535,-36.678,Vitória
angra dos reis,RJ,-23.029,-44.3279,Angra Dos Reis
aperibe,RJ,-21.6457,-42.139,Aperibé
araruama,RJ,-22.7476,-42.291,Araruama
areal,RJ,-22.2362,-43.1071,Areal
armacao dos buzios,RJ,-22.7696,-41.8998,Armação Dos Búzios
arraial do cabo,RJ,-22.9559,-42.0547,Arraial Do Cabo
barra do pirai,RJ,-22.4218,-43.8951,Barra Do Piraí
barra mansa,RJ,-22.487,-44.1828,Barra Mansa
belford roxo,RJ,-22.7258,-43.3749,Belford Roxo
bom jardim,RJ,-22.1743,-42.3555,Bom Jardim
bom jesus do itabapoana,RJ,-21.1015,-41.6897,Bom Jesus Do Itabapoana
cabo frio,RJ,-22.8145,-41.9794,Cabo Frio
cachoeiras de macacu,RJ,-22.4986,-42.7334,Cachoeiras De Macacu
cambuci,RJ,-21.5032,-41.9118,Cambuci
carapebus,RJ,-22.1995,-41.6235,Carapebus
comendador levy gasparian,RJ,-22.0367,-43.253,Comendador Levy Gasparian
campos dos goytacazes,RJ,-21.7082,-41.4196,Campos Dos Goytacazes
cantagalo,RJ,-21.8911,-42.3226,Cantagalo
cardoso moreira,RJ,-21.5187,-41.485,Cardoso Moreira
carmo,RJ,-21.8867,-42.538,Carmo
casimiro de abreu,RJ,-22.4912,-42.1214,Casimiro De Abreu
conceicao de macabu,RJ,-22.1285,-41.8363,Conceição De Macabu
cordeiro,RJ,-22.0603,-42.3188,Cordeiro
duas barras,RJ,-22.0716,-42.5237,Duas Barras
duque de caxias,RJ,-22.6283,-43.3006,Duque De Caxias
engenheiro paulo de frontin,RJ,-22.5284,-43.6409,Engenheiro Paulo De Frontin
guapimirim,RJ,-22.5849,-42.9781,Guapimirim
iguaba grande,RJ,-22.8218,-42.2157,Iguaba Grande
itaborai,RJ,-22.7638,-42.8756,Itaboraí
itaguai,RJ,-22.9181,-43.8375,Itaguaí
italva,RJ,-21.4163,-41.6575,Italva
itaocara,RJ,-21.7386,-42.0618,Itaocara
itaperuna,RJ,-21.1998,-41.9393,Itaperuna
itatiaia,RJ,-22.4272,-44.5898,Itatiaia
japeri,RJ,-22.6559,-43.6066,Japeri
laje do muriae,RJ,-21.2334,-42.1294,Laje Do Muriaé
macae,RJ,-22.354,-41.8509,Macaé
macuco,RJ,-22.0202,-42.2713,Macuco
mage,RJ,-22.6537,-43.1056,Magé
mangaratiba,RJ,-22.9894,-43.9811,Mangaratiba
marica,RJ,-22.9732,-42.8356,Maricá
mendes,RJ,-22.5106,-43.743,Mendes
mesquita,RJ,-22.7933,-43.4509,Mesquita
miguel pereira,RJ,-22.518,-43.4959,Miguel Pereira
miracema,RJ,-21.3812,-42.1687,Miracema
natividade,RJ,-21.0463,-41.9443,Natividade
nilopolis,RJ,-22.8188,-43.4286,Nilópolis
niteroi,RJ,-22.9155,-43.1007,Niterói
nova friburgo,RJ,-22.3301,-42.4788,Nova Friburgo
nova iguacu,RJ,-22.6841,-43.5112,Nova Iguaçu
paracambi,RJ,-22.599,-43.6966,Paracambi
paraiba do sul,RJ,-22.1606,-43.2835,Paraíba Do Sul
paraty,RJ,-23.1673,-44.6454,Paraty
paty do alferes,RJ,-22.3894,-43.3983,Paty Do Alferes
petropolis,RJ,-22.39,-43.1575,Petrópolis
pinheiral,RJ,-22.5392,-44.0038,Pinheiral
pirai,RJ,-22.6464,-43.9039,Piraí
porciuncula,RJ,-20.891,-41.9431,Porciúncula
porto real,RJ,-22.4487,-44.3298,Porto Real
quatis,RJ,-22.339,-44.2254,Quatis
queimados,RJ,-22.7226,-43.5835,Queimados
quissama,RJ,-22.0971,-41.4347,Quissamã
resende,RJ,-22.4707,-44.4926,Resende
rio bonito,RJ,-22.7425,-42.6045,Rio Bonito
rio claro,RJ,-22.7705,-44.0826,Rio Claro
rio das flores,RJ,-22.1684,-43.5601,Rio Das Flores
rio das ostras,RJ,-22.4875,-41.8885,Rio Das Ostras
rio de janeiro,RJ,-22.8961,-43.2924,Rio De Janeiro
santa maria madalena,RJ,-21.9822,-41.9383,Santa Maria Madalena
santo antonio de padua,RJ,-21.5596,-42.2185,Santo Antônio De Pádua
sao francisco de itabapoana,RJ,-21.4575,-41.1027,São Francisco De Itabapoana
sao fidelis,RJ,-21.6646,-41.774,São Fidélis
sao goncalo,RJ,-22.8093,-43.0683,São Gonçalo
sao joao da barra,RJ,-21.6635,-41.0496,São João Da Barra
sao joao de meriti,RJ,-22.7838,-43.3623,São João De Meriti
sao jose de uba,RJ,-21.3731,-41.9566,São José De Ubá
sao jose do vale do rio preto,RJ,-22.1581,-42.9155,São José Do Vale Do Rio Preto
sao pedro da aldeia,RJ,-22.7982,-42.1521,São Pedro Da Aldeia
sao sebastiao do alto,RJ,-21.8729,-42.0898,São Sebastião Do Alto
sapucaia,RJ,-22.0325,-42.8157,Sapucaia
saquarema,RJ,-22.9169,-42.4961,Saquarema
seropedica,RJ,-22.7264,-43.711,Seropédica
silva jardim,RJ,-22.56,-42.3759,Silva Jardim
sumidouro,RJ,-22.1234,-42.6584,Sumidouro
tangua,RJ,-22.7797,-42.7256,Tanguá
teresopolis,RJ,-22.3122,-42.8646,Teresópolis
trajano de moraes,RJ,-22.1152,-42.1736,Trajano De Moraes
tres rios,RJ,-22.1137,-43.0778,Três Rios
valenca,RJ,-22.252,-43.8776,Valença
varre-sai,RJ,-20.9041,-41.831,Varre-Sai
vassouras,RJ,-22.3446,-43.5647,Vassouras
volta redonda,RJ,-22.4849,-44.0885,Volta Redonda
adamantina,SP,-21.6068,-51.0751,Adamantina
adolfo,SP,-21.2862,-49.6707,Adolfo
aguai,SP,-22.0435,-47.0254,Aguaí
aguas da prata,SP,-21.9125,-46.6836,Águas Da Prata
aguas de lindoia,SP,-22.4802,-46.6013,Águas De Lindóia
aguas de santa barbara,SP,-22.8555,-49.2471,Águas De Santa Bárbara
aguas de sao pedro,SP,-22.5971,-47.8756,Águas De São Pedro
agudos,SP,-22.5808,-49.1202,Agudos
alambari,SP,-23.5462,-47.8681,Alambari
alfredo marcondes,SP,-21.9319,-51.3978,Alfredo Marcondes
altair,SP,-20.5229,-49.0997,Altair
altinopolis,SP,-21.0054,-47.3853,Altinópolis
alto alegre,SP,-21.6105,-50.1755,Alto Alegre
aluminio,SP,-23.5192,-47.2882,Alumínio
alvares florence,SP,-20.2796,-49.9099,Álvares Florence
alvares machado,SP,-22.1002,-51.4956,Álvares Machado
alvaro de carvalho,SP,-22.0867,-49.7231,Álvaro De Carvalho
alvinlandia,SP,-22.4324,-49.7527,Alvinlândia
americana,SP,-22.712,-47.2835,Americana
americo brasiliense,SP,-21.7235,-48.0139,Américo Brasiliense
americo de campos,SP,-20.2726,-49.7754,Américo De Campos
amparo,SP,-22.6762,-46.8229,Amparo
analandia,SP,-22.1207,-47.6872,Analândia
andradina,SP,-20.8668,-51.333,Andradina
angatuba,SP,-23.4769,-48.4537,Angatuba
anhembi,SP,-22.8163,-48.1671,Anhembi
anhumas,SP,-22.3404,-51.4231,Anhumas
aparecida,SP,-22.8905,-45.2382,Aparecida
aparecida d'oeste,SP,-20.4724,-50.9152,Aparecida D'oeste
apiai,SP,-24.3937,-48.8272,Apiaí
aracariguama,SP,-23.417,-47.0763,Araçariguama
aracatuba,SP,-21.1164,-50.5826,Araçatuba
aracoiaba da serra,SP,-23.5502,-47.6624,Araçoiaba Da Serra
aramina,SP,-20.1621,-47.8146,Aramina
arandu,SP,-23.1543,-49.0301,Arandu
arapei,SP,-22.6468,-44.429,Arapeí
araraquara,SP,-21.7793,-48.1459,Araraquara
araras,SP,-22.3089,-47.3011,Araras
arco-iris,SP,-21.7666,-50.4344,Arco-Íris
arealva,SP,-22.0647,-48.9833,Arealva
areias,SP,-22.674,-44.7129,Areias
areiopolis,SP,-22.6109,-48.655,Areiópolis
ariranha,SP,-21.1781,-48.8003,Ariranha
artur nogueira,SP,-22.5552,-47.1321,Artur Nogueira
aruja,SP,-23.3858,-46.3178,Arujá
aspasia,SP,-20.1756,-50.7229,Aspásia
assis,SP,-22.5842,-50.4234,Assis
atibaia,SP,-23.1086,-46.5811,Atibaia
auriflama,SP,-20.6554,-50.598,Auriflama
avai,SP,-22.1982,-49.317,Avaí
avanhandava,SP,-21.4411,-49.9415,Avanhandava
avare,SP,-23.054,-48.8863,Avaré
bady bassitt,SP,-20.9239,-49.4296,Bady Bassitt
balbinos,SP,-21.8993,-49.3432,Balbinos
balsamo,SP,-20.6873,-49.5332,Bálsamo
bananal,SP,-22.7237,-44.33,Bananal
barao de antonina,SP,-23.5563,-49.568,Barão De Antonina
barbosa,SP,-21.3025,-49.9217,Barbosa
bariri,SP,-22.0888,-48.7103,Bariri
barra bonita,SP,-22.4709,-48.5472,Barra Bonita
barra do chapeu,SP,-24.4427,-49.1137,Barra Do Chapéu
barra do turvo,SP,-24.885,-48.4104,Barra Do Turvo
barretos,SP,-20.5125,-48.6379,Barretos
barrinha,SP,-21.2224,-48.1006,Barrinha
barueri,SP,-23.5025,-46.8689,Barueri
bastos,SP,-21.9247,-50.7422,Bastos
batatais,SP,-20.842,-47.5624,Batatais
bauru,SP,-22.2339,-49.1364,Bauru
bebedouro,SP,-20.9233,-48.5067,Bebedouro
bento de abreu,SP,-21.288,-50.8389,Bento De Abreu
bernardino de campos,SP,-23.0133,-49.4841,Bernardino De Campos
bertioga,SP,-23.7659,-46.0358,Bertioga
bilac,SP,-21.423,-50.4724,Bilac
birigui,SP,-21.2639,-50.3516,Birigui
biritiba mirim,SP,-23.6051,-46.0202,Biritiba Mirim
boa esperanca do sul,SP,-21.9309,-48.4624,Boa Esperança Do Sul
bocaina,SP,-22.1191,-48.5574,Bocaina
bofete,SP,-23.1153,-48.2747,Bofete
boituva,SP,-23.2997,-47.6728,Boituva
bom jesus dos perdoes,SP,-23.1643,-46.4793,Bom Jesus Dos Perdões
bom sucesso de itarare,SP,-24.3018,-49.1658,Bom Sucesso De Itararé
bora,SP,-22.2404,-50.4963,Borá
boraceia,SP,-22.1547,-48.7904,Boracéia
borborema,SP,-21.6107,-49.077,Borborema
borebi,SP,-22.6865,-48.994,Borebi
botucatu,SP,-22.8428,-48.4971,Botucatu
braganca paulista,SP,-22.9388,-46.5646,Bragança Paulista
brauna,SP,-21.5562,-50.3259,Braúna
brejo alegre,SP,-21.1673,-50.2056,Brejo Alegre
brodowski,SP,-21.0239,-47.6463,Brodowski
brotas,SP,-22.2762,-48.0701,Brotas
buri,SP,-23.7136,-48.5176,Buri
buritama,SP,-21.0571,-50.2218,Buritama
buritizal,SP,-20.2125,-47.7072,Buritizal
cabralia paulista,SP,-22.4719,-49.3676,Cabrália Paulista
cabreuva,SP,-23.3154,-47.0969,Cabreúva
cacapava,SP,-23.0872,-45.704,Caçapava
cachoeira paulista,SP,-22.7041,-45.0048,Cachoeira Paulista
caconde,SP,-21.5423,-46.6145,Caconde
cafelandia,SP,-21.7304,-49.5656,Cafelândia
caiabu,SP,-21.9402,-51.234,Caiabu
caieiras,SP,-23.3708,-46.7366,Caieiras
caiua,SP,-21.8054,-51.9872,Caiuá
cajamar,SP,-23.3483,-46.8802,Cajamar
cajati,SP,-24.7761,-48.2032,Cajati
cajobi,SP,-20.8741,-48.8564,Cajobi
cajuru,SP,-21.2811,-47.3031,Cajuru
campina do monte alegre,SP,-23.6051,-48.4606,Campina Do Monte Alegre
campinas,SP,-22.901,-47.0492,Campinas
campo limpo paulista,SP,-23.2069,-46.7661,Campo Limpo Paulista
campos do jordao,SP,-22.693,-45.5429,Campos Do Jordão
campos novos paulista,SP,-22.6021,-50.0334,Campos Novos Paulista
cananeia,SP,-25.0294,-47.9728,Cananéia
canas,SP,-22.7529,-45.0235,Canas
candido mota,SP,-22.8255,-50.4073,Cândido Mota
candido rodrigues,SP,-21.3319,-48.6308,Cândido Rodrigues
canitar,SP,-23.0152,-49.7876,Canitar
capao bonito,SP,-24.0431,-48.2774,Capão Bonito
capela do alto,SP,-23.4513,-47.7465,Capela Do Alto
capivari,SP,-22.9737,-47.4809,Capivari
caraguatatuba,SP,-23.6184,-45.4331,Caraguatatuba
carapicuiba,SP,-23.5447,-46.8471,Carapicuíba
cardoso,SP,-20.0745,-49.9526,Cardoso
casa branca,SP,-21.7931,-47.0746,Casa Branca
cassia dos coqueiros,SP,-21.2574,-47.1439,Cássia Dos Coqueiros
castilho,SP,-20.9336,-51.5939,Castilho
catanduva,SP,-21.1277,-48.9613,Catanduva
catigua,SP,-21.0627,-49.0422,Catiguá
cedral,SP,-20.9051,-49.2561,Cedral
cerqueira cesar,SP,-23.039,-49.1334,Cerqueira César
cerquilho,SP,-23.1894,-47.7641,Cerquilho
cesario lange,SP,-23.2072,-47.8984,Cesário Lange
charqueada,SP,-22.5268,-47.7379,Charqueada
clementina,SP,-21.5645,-50.4584,Clementina
colina,SP,-20.7448,-48.5832,Colina
colombia,SP,-20.2731,-48.7057,Colômbia
conchal,SP,-22.3575,-47.1396,Conchal
conchas,SP,-22.9555,-48.068,Conchas
cordeiropolis,SP,-22.4823,-47.4237,Cordeirópolis
coroados,SP,-21.3684,-50.3159,Coroados
coronel macedo,SP,-23.6281,-49.3005,Coronel Macedo
corumbatai,SP,-22.2236,-47.5961,Corumbataí
cosmopolis,SP,-22.6448,-47.1901,Cosmópolis
cosmorama,SP,-20.4183,-49.7597,Cosmorama
cotia,SP,-23.6781,-46.9454,Cotia
cravinhos,SP,-21.3307,-47.7425,Cravinhos
cristais paulista,SP,-20.3623,-47.4204,Cristais Paulista
cruzalia,SP,-22.7335,-50.7646,Cruzália
cruzeiro,SP,-22.5554,-44.994,Cruzeiro
cubatao,SP,-23.8737,-46.411,Cubatão
cunha,SP,-23.0265,-44.9111,Cunha
descalvado,SP,-21.8814,-47.6462,Descalvado
diadema,SP,-23.6938,-46.6155,Diadema
dirce reis,SP,-20.4337,-50.6191,Dirce Reis
divinolandia,SP,-21.6443,-46.7122,Divinolândia
dobrada,SP,-21.5115,-48.3724,Dobrada
dois corregos,SP,-22.3985,-48.3243,Dois Córregos
dolcinopolis,SP,-20.1137,-50.5227,Dolcinópolis
dourado,SP,-22.0932,-48.3356,Dourado
dracena,SP,-21.5359,-51.5777,Dracena
duartina,SP,-22.3792,-49.4088,Duartina
dumont,SP,-21.2305,-47.9903,Dumont
echapora,SP,-22.4296,-50.1879,Echaporã
eldorado,SP,-24.4857,-48.2761,Eldorado
elias fausto,SP,-23.0635,-47.3767,Elias Fausto
elisiario,SP,-21.1515,-49.1012,Elisiário
embauba,SP,-20.9389,-48.8646,Embaúba
embu das artes,SP,-23.6388,-46.8468,Embu Das Artes
embu-guacu,SP,-23.8534,-46.8277,Embu-Guaçu
emilianopolis,SP,-21.7725,-51.4802,Emilianópolis
engenheiro coelho,SP,-22.4758,-47.1651,Engenheiro Coelho
espirito santo do pinhal,SP,-22.1591,-46.8027,Espírito Santo Do Pinhal
espirito santo do turvo,SP,-22.6612,-49.412,Espírito Santo Do Turvo
estrela d'oeste,SP,-20.2536,-50.418,Estrela D'oeste
estrela do norte,SP,-22.4824,-51.6774,Estrela Do Norte
euclides da cunha paulista,SP,-22.4914,-52.5804,Euclides Da Cunha Paulista
fartura,SP,-23.3864,-49.5356,Fartura
fernandopolis,SP,-20.2831,-50.281,Fernandópolis
fernando prestes,SP,-21.2949,-48.6826,Fernando Prestes
fernao,SP,-22.3566,-49.5288,Fernão
ferraz de vasconcelos,SP,-23.563,-46.378,Ferraz De Vasconcelos
flora rica,SP,-21.6987,-51.3784,Flora Rica
floreal,SP,-20.6765,-50.165,Floreal
florida paulista,SP,-21.5312,-51.1778,Flórida Paulista
florinea,SP,-22.8829,-50.6968,Florínea
franca,SP,-20.578,-47.3449,Franca
francisco morato,SP,-23.2757,-46.7251,Francisco Morato
franco da rocha,SP,-23.306,-46.7397,Franco Da Rocha
gabriel monteiro,SP,-21.496,-50.5716,Gabriel Monteiro
galia,SP,-22.3255,-49.5569,Gália
garca,SP,-22.2024,-49.6815,Garça
gastao vidigal,SP,-20.7919,-50.2017,Gastão Vidigal
gaviao peixoto,SP,-21.795,-48.4418,Gavião Peixoto
general salgado,SP,-20.6339,-50.4307,General Salgado
getulina,SP,-21.7941,-50.0501,Getulina
glicerio,SP,-21.3394,-50.1891,Glicério
guaicara,SP,-21.5366,-49.7505,Guaiçara
guaimbe,SP,-21.8693,-49.8599,Guaimbê
guaira,SP,-20.2793,-48.3559,Guaíra
guapiacu,SP,-20.7168,-49.161,Guapiaçu
guapiara,SP,-24.2311,-48.5534,Guapiara
guara,SP,-20.5021,-47.7972,Guará
guaracai,SP,-21.0645,-51.2822,Guaraçaí
guaraci,SP,-20.3994,-49.0032,Guaraci
guarani d'oeste,SP,-20.0551,-50.3441,Guarani D'oeste
guaranta,SP,-21.9115,-49.5766,Guarantã
guararapes,SP,-21.3157,-50.7262,Guararapes
guararema,SP,-23.4304,-46.0572,Guararema
guaratingueta,SP,-22.8202,-45.1953,Guaratinguetá
guarei,SP,-23.3517,-48.2441,Guareí
guariba,SP,-21.392,-48.2293,Guariba
guaruja,SP,-23.9677,-46.2149,Guarujá
guarulhos,SP,-23.3906,-46.427,Guarulhos
guatapara,SP,-21.4492,-48.0065,Guatapará
guzolandia,SP,-20.6046,-50.728,Guzolândia
herculandia,SP,-21.9414,-50.3783,Herculândia
holambra,SP,-22.6299,-47.0699,Holambra
hortolandia,SP,-22.8676,-47.2106,Hortolândia
iacanga,SP,-21.8917,-49.0232,Iacanga
iacri,SP,-21.7949,-50.6358,Iacri
iaras,SP,-22.8348,-49.0935,Iaras
ibate,SP,-21.9152,-48.0081,Ibaté
ibira,SP,-21.0783,-49.2178,Ibirá
ibirarema,SP,-22.7881,-50.0898,Ibirarema
ibitinga,SP,-21.7861,-48.828,Ibitinga
ibiuna,SP,-23.8218,-47.2169,Ibiúna
icem,SP,-20.3612,-49.2072,Icém
iepe,SP,-22.6411,-51.0155,Iepê
igaracu do tiete,SP,-22.5363,-48.5683,Igaraçu Do Tietê
igarapava,SP,-20.069,-47.6859,Igarapava
igarata,SP,-23.1216,-46.1447,Igaratá
iguape,SP,-24.5406,-47.5052,Iguape
ilhabela,SP,-23.8487,-45.2522,Ilhabela
ilha comprida,SP,-24.8915,-47.7558,Ilha Comprida
ilha solteira,SP,-20.5046,-51.2794,Ilha Solteira
indaiatuba,SP,-23.0987,-47.1973,Indaiatuba
indiana,SP,-22.1217,-51.2661,Indiana
indiapora,SP,-19.957,-50.2503,Indiaporã
inubia paulista,SP,-21.7242,-50.9513,Inúbia Paulista
ipaussu,SP,-23.0504,-49.6187,Ipaussu
ipero,SP,-23.3879,-47.6477,Iperó
ipeuna,SP,-22.4258,-47.7109,Ipeúna
ipigua,SP,-20.6549,-49.4057,Ipiguá
iporanga,SP,-24.4977,-48.5505,Iporanga
ipua,SP,-20.3929,-48.0559,Ipuã
iracemapolis,SP,-22.5993,-47.5266,Iracemápolis
irapua,SP,-21.2563,-49.3985,Irapuã
irapuru,SP,-21.4765,-51.3542,Irapuru
itabera,SP,-23.8789,-49.134,Itaberá
itai,SP,-23.4665,-49.1029,Itaí
itajobi,SP,-21.3567,-49.0479,Itajobi
itaju,SP,-21.9374,-48.8125,Itaju
itanhaem,SP,-24.2141,-46.8037,Itanhaém
itaoca,SP,-24.6141,-48.8487,Itaoca
itapecerica da serra,SP,-23.7352,-46.8552,Itapecerica Da Serra
itapetininga,SP,-23.6662,-48.1365,Itapetininga
itapeva,SP,-23.9312,-48.8571,Itapeva
itapevi,SP,-23.5551,-46.9828,Itapevi
itapira,SP,-22.431,-46.7678,Itapira
itapirapua paulista,SP,-24.5522,-49.2078,Itapirapuã Paulista
itapolis,SP,-21.5462,-48.7982,Itápolis
itaporanga,SP,-23.6851,-49.4788,Itaporanga
itapui,SP,-22.2449,-48.7015,Itapuí
itapura,SP,-20.5897,-51.4299,Itapura
itaquaquecetuba,SP,-23.4479,-46.3451,Itaquaquecetuba
itarare,SP,-24.0776,-49.3322,Itararé
itariri,SP,-24.2656,-47.1208,Itariri
itatiba,SP,-22.9884,-46.8139,Itatiba
itatinga,SP,-23.1414,-48.6739,Itatinga
itirapina,SP,-22.2961,-47.8345,Itirapina
itirapua,SP,-20.6462,-47.1571,Itirapuã
itobi,SP,-21.7529,-46.9278,Itobi
itu,SP,-23.293,-47.3024,Itu
itupeva,SP,-23.1451,-47.0587,Itupeva
ituverava,SP,-20.3119,-47.8319,Ituverava
jaborandi,SP,-20.6199,-48.404,Jaborandi
jaboticabal,SP,-21.2229,-48.3204,Jaboticabal
jacarei,SP,-23.3074,-45.9578,Jacareí
jaci,SP,-20.936,-49.5805,Jaci
jacupiranga,SP,-24.7792,-48.0363,Jacupiranga
jaguariuna,SP,-22.6768,-47.0166,Jaguariúna
jales,SP,-20.2833,-50.5516,Jales
jambeiro,SP,-23.2683,-45.6933,Jambeiro
jandira,SP,-23.5392,-46.9021,Jandira
jardinopolis,SP,-20.9857,-47.8246,Jardinópolis
jarinu,SP,-23.0923,-46.7259,Jarinu
jau,SP,-22.2619,-48.524,Jaú
jeriquara,SP,-20.3323,-47.5811,Jeriquara
joanopolis,SP,-22.9295,-46.2225,Joanópolis
joao ramalho,SP,-22.2818,-50.8055,João Ramalho
jose bonifacio,SP,-21.0743,-49.747,José Bonifácio
julio mesquita,SP,-21.9635,-49.7943,Júlio Mesquita
jumirim,SP,-23.1005,-47.7948,Jumirim
jundiai,SP,-23.1975,-46.8914,Jundiaí
junqueiropolis,SP,-21.4854,-51.4404,Junqueirópolis
juquia,SP,-24.1883,-47.6392,Juquiá
juquitiba,SP,-23.9643,-47.0287,Juquitiba
lagoinha,SP,-23.0833,-45.2146,Lagoinha
laranjal paulista,SP,-23.0207,-47.8539,Laranjal Paulista
lavinia,SP,-21.1509,-51.0276,Lavínia
lavrinhas,SP,-22.5043,-44.8818,Lavrinhas
leme,SP,-22.1911,-47.3516,Leme
lencois paulista,SP,-22.6487,-48.8148,Lençóis Paulista
limeira,SP,-22.5895,-47.3526,Limeira
lindoia,SP,-22.5105,-46.656,Lindóia
lins,SP,-21.6312,-49.6691,Lins
lorena,SP,-22.7762,-45.0653,Lorena
lourdes,SP,-20.9487,-50.2263,Lourdes
louveira,SP,-23.0839,-46.9314,Louveira
lucelia,SP,-21.6224,-50.9933,Lucélia
lucianopolis,SP,-22.4684,-49.5561,Lucianópolis
luis antonio,SP,-21.5592,-47.811,Luís Antônio
luiziania,SP,-21.668,-50.3423,Luiziânia
lupercio,SP,-22.4324,-49.8225,Lupércio
lutecia,SP,-22.3289,-50.3924,Lutécia
macatuba,SP,-22.4749,-48.7159,Macatuba
macaubal,SP,-20.8423,-49.9803,Macaubal
macedonia,SP,-20.0883,-50.1847,Macedônia
magda,SP,-20.5878,-50.2402,Magda
mairinque,SP,-23.5052,-47.2416,Mairinque
mairipora,SP,-23.3256,-46.5843,Mairiporã
manduri,SP,-23.0442,-49.3083,Manduri
maraba paulista,SP,-22.1572,-52.0929,Marabá Paulista
maracai,SP,-22.6474,-50.744,Maracaí
marapoama,SP,-21.2525,-49.1313,Marapoama
mariapolis,SP,-21.7747,-51.1695,Mariápolis
marilia,SP,-22.1927,-50.0064,Marília
marinopolis,SP,-20.4601,-50.8333,Marinópolis
martinopolis,SP,-22.161,-51.1181,Martinópolis
matao,SP,-21.5978,-48.4497,Matão
maua,SP,-23.6594,-46.4477,Mauá
mendonca,SP,-21.1996,-49.5696,Mendonça
meridiano,SP,-20.4014,-50.1901,Meridiano
mesopolis,SP,-19.9414,-50.6301,Mesópolis
miguelopolis,SP,-20.1755,-48.1569,Miguelópolis
mineiros do tiete,SP,-22.4607,-48.4355,Mineiros Do Tietê
miracatu,SP,-24.1942,-47.3747,Miracatu
mira estrela,SP,-19.9378,-50.1204,Mira Estrela
mirandopolis,SP,-21.113,-51.162,Mirandópolis
mirante do paranapanema,SP,-22.3094,-51.9475,Mirante Do Paranapanema
mirassol,SP,-20.8179,-49.5069,Mirassol
mirassolandia,SP,-20.6062,-49.4909,Mirassolândia
mococa,SP,-21.4491,-47.038,Mococa
mogi das cruzes,SP,-23.5669,-46.1741,Mogi Das Cruzes
mogi guacu,SP,-22.2304,-47.044,Mogi Guaçu
mogi mirim,SP,-22.4489,-46.995,Mogi Mirim
mombuca,SP,-22.9386,-47.6005,Mombuca
moncoes,SP,-20.8602,-50.0852,Monções
mongagua,SP,-24.0581,-46.6426,Mongaguá
monte alegre do sul,SP,-22.6867,-46.672,Monte Alegre Do Sul
monte alto,SP,-21.2451,-48.5434,Monte Alto
monte aprazivel,SP,-20.748,-49.789,Monte Aprazível
monte azul paulista,SP,-20.9003,-48.6881,Monte Azul Paulista
monte castelo,SP,-21.2373,-51.5911,Monte Castelo
monteiro lobato,SP,-22.9215,-45.8084,Monteiro Lobato
monte mor,SP,-22.9423,-47.2922,Monte Mor
morro agudo,SP,-20.6765,-48.2059,Morro Agudo
morungaba,SP,-22.8857,-46.7813,Morungaba
motuca,SP,-21.4953,-48.1694,Motuca
murutinga do sul,SP,-20.9925,-51.3033,Murutinga Do Sul
nantes,SP,-22.5839,-51.2095,Nantes
narandiba,SP,-22.5263,-51.5172,Narandiba
natividade da serra,SP,-23.3916,-45.3897,Natividade Da Serra
nazare paulista,SP,-23.1805,-46.36,Nazaré Paulista
neves paulista,SP,-20.8646,-49.6446,Neves Paulista
nhandeara,SP,-20.6749,-50.0522,Nhandeara
nipoa,SP,-20.8733,-49.7764,Nipoã
nova alianca,SP,-21.0586,-49.5223,Nova Aliança
nova campina,SP,-24.201,-48.9985,Nova Campina
nova canaa paulista,SP,-20.3581,-50.9189,Nova Canaã Paulista
nova castilho,SP,-20.7622,-50.3486,Nova Castilho
nova europa,SP,-21.7747,-48.5529,Nova Europa
nova granada,SP,-20.4425,-49.3029,Nova Granada
nova guataporanga,SP,-21.3132,-51.645,Nova Guataporanga
nova independencia,SP,-21.126,-51.5037,Nova Independência
novais,SP,-20.981,-48.9252,Novais
nova luzitania,SP,-20.8727,-50.2486,Nova Luzitânia
nova odessa,SP,-22.7796,-47.2817,Nova Odessa
novo horizonte,SP,-21.4537,-49.2876,Novo Horizonte
nuporanga,SP,-20.6751,-47.7255,Nuporanga
ocaucu,SP,-22.4489,-49.9724,Ocauçu
oleo,SP,-22.9588,-49.3887,Óleo
olimpia,SP,-20.6926,-48.9827,Olímpia
onda verde,SP,-20.6107,-49.2557,Onda Verde
oriente,SP,-22.1222,-50.0883,Oriente
orindiuva,SP,-20.2086,-49.3726,Orindiúva
orlandia,SP,-20.7003,-47.8939,Orlândia
osasco,SP,-23.5236,-46.7862,Osasco
oscar bressane,SP,-22.2758,-50.2453,Oscar Bressane
osvaldo cruz,SP,-21.6847,-50.8592,Osvaldo Cruz
ourinhos,SP,-22.9463,-49.858,Ourinhos
ouroeste,SP,-19.9222,-50.3999,Ouroeste
ouro verde,SP,-21.4897,-51.7417,Ouro Verde
pacaembu,SP,-21.4989,-51.2749,Pacaembu
palestina,SP,-20.2983,-49.5102,Palestina
palmares paulista,SP,-21.109,-48.8313,Palmares Paulista
palmeira d'oeste,SP,-20.4366,-50.7487,Palmeira D'oeste
palmital,SP,-22.8338,-50.2454,Palmital
panorama,SP,-21.4594,-51.867,Panorama
paraguacu paulista,SP,-22.4629,-50.6448,Paraguaçu Paulista
paraibuna,SP,-23.4805,-45.6447,Paraibuna
paraiso,SP,-21.0051,-48.77,Paraíso
paranapanema,SP,-23.4637,-48.7371,Paranapanema
paranapua,SP,-20.0499,-50.5793,Paranapuã
parapua,SP,-21.847,-50.8197,Parapuã
pardinho,SP,-23.0881,-48.3779,Pardinho
pariquera-acu,SP,-24.6844,-47.8588,Pariquera-Açu
parisi,SP,-20.2767,-50.0393,Parisi
patrocinio paulista,SP,-20.6569,-47.2817,Patrocínio Paulista
pauliceia,SP,-21.2229,-51.794,Paulicéia
paulinia,SP,-22.7369,-47.1258,Paulínia
paulistania,SP,-22.5631,-49.2924,Paulistânia
paulo de faria,SP,-20.0712,-49.4509,Paulo De Faria
pederneiras,SP,-22.283,-48.8786,Pederneiras
pedra bela,SP,-22.7652,-46.452,Pedra Bela
pedranopolis,SP,-20.2059,-50.116,Pedranópolis
pedregulho,SP,-20.146,-47.4514,Pedregulho
pedreira,SP,-22.7319,-46.9015,Pedreira
pedrinhas paulista,SP,-22.8052,-50.8115,Pedrinhas Paulista
pedro de toledo,SP,-24.1817,-47.1797,Pedro De Toledo
penapolis,SP,-21.3952,-50.1117,Penápolis
pereira barreto,SP,-20.6727,-51.1326,Pereira Barreto
pereiras,SP,-23.1066,-47.9791,Pereiras
peruibe,SP,-24.3536,-47.0078,Peruíbe
piacatu,SP,-21.5717,-50.6438,Piacatu
piedade,SP,-23.7918,-47.4728,Piedade
pilar do sul,SP,-23.8598,-47.7038,Pilar Do Sul
pindamonhangaba,SP,-22.8713,-45.4513,Pindamonhangaba
pindorama,SP,-21.2053,-48.9034,Pindorama
pinhalzinho,SP,-22.7841,-46.5832,Pinhalzinho
piquerobi,SP,-21.8579,-51.7436,Piquerobi
piquete,SP,-22.5854,-45.1573,Piquete
piracaia,SP,-23.0445,-46.2947,Piracaia
piracicaba,SP,-22.7181,-47.7803,Piracicaba
piraju,SP,-23.2066,-49.3968,Piraju
pirajui,SP,-21.925,-49.3997,Pirajuí
pirangi,SP,-21.0907,-48.6651,Pirangi
pirapora do bom jesus,SP,-23.371,-46.9767,Pirapora Do Bom Jesus
pirapozinho,SP,-22.4596,-51.6302,Pirapozinho
pirassununga,SP,-21.9883,-47.3972,Pirassununga
piratininga,SP,-22.3996,-49.1924,Piratininga
pitangueiras,SP,-21.0044,-48.2623,Pitangueiras
planalto,SP,-20.9978,-49.9458,Planalto
platina,SP,-22.6108,-50.2257,Platina
poa,SP,-23.5248,-46.3488,Poá
poloni,SP,-20.7485,-49.8322,Poloni
pompeia,SP,-22.0132,-50.1826,Pompéia
pongai,SP,-21.7154,-49.3592,Pongaí
pontal,SP,-20.9695,-48.0392,Pontal
pontalinda,SP,-20.4454,-50.5365,Pontalinda
pontes gestal,SP,-20.1668,-49.7432,Pontes Gestal
populina,SP,-19.8759,-50.5034,Populina
porangaba,SP,-23.1462,-48.1225,Porangaba
porto feliz,SP,-23.2017,-47.5262,Porto Feliz
porto ferreira,SP,-21.839,-47.4526,Porto Ferreira
potim,SP,-22.8242,-45.3131,Potim
potirendaba,SP,-21.0901,-49.3824,Potirendaba
pracinha,SP,-21.8351,-51.082,Pracinha
pradopolis,SP,-21.3395,-48.0729,Pradópolis
praia grande,SP,-24.0095,-46.5011,Praia Grande
pratania,SP,-22.8228,-48.6925,Pratânia
presidente alves,SP,-22.1135,-49.4258,Presidente Alves
presidente bernardes,SP,-22.1112,-51.6312,Presidente Bernardes
presidente epitacio,SP,-21.8828,-52.1485,Presidente Epitácio
presidente prudente,SP,-21.9456,-51.3265,Presidente Prudente
presidente venceslau,SP,-21.79,-51.8425,Presidente Venceslau
promissao,SP,-21.4956,-49.8725,Promissão
quadra,SP,-23.2969,-48.0317,Quadra
quata,SP,-22.2472,-50.6634,Quatá
queiroz,SP,-21.793,-50.2564,Queiroz
queluz,SP,-22.518,-44.7939,Queluz
quintana,SP,-22.0659,-50.34,Quintana
rafard,SP,-23.0317,-47.5889,Rafard
rancharia,SP,-22.3381,-50.9291,Rancharia
redencao da serra,SP,-23.2463,-45.5026,Redenção Da Serra
regente feijo,SP,-22.2364,-51.3019,Regente Feijó
reginopolis,SP,-21.8599,-49.1823,Reginópolis
registro,SP,-24.5149,-47.8381,Registro
restinga,SP,-20.6592,-47.4978,Restinga
ribeira,SP,-24.6264,-49.0325,Ribeira
ribeirao bonito,SP,-22.0381,-48.212,Ribeirão Bonito
ribeirao branco,SP,-24.2442,-48.7804,Ribeirão Branco
ribeirao corrente,SP,-20.4435,-47.5548,Ribeirão Corrente
ribeirao do sul,SP,-22.7492,-49.9179,Ribeirão Do Sul
ribeirao dos indios,SP,-21.781,-51.5831,Ribeirão Dos Índios
ribeirao grande,SP,-24.1994,-48.3466,Ribeirão Grande
ribeirao pires,SP,-23.6863,-46.3967,Ribeirão Pires
ribeirao preto,SP,-21.1903,-47.8143,Ribeirão Preto
riversul,SP,-23.8336,-49.4597,Riversul
rifaina,SP,-20.0633,-47.4441,Rifaina
rincao,SP,-21.5832,-48.0113,Rincão
rinopolis,SP,-21.6749,-50.7066,Rinópolis
rio claro,SP,-22.3929,-47.6039,Rio Claro
rio das pedras,SP,-22.844,-47.5857,Rio Das Pedras
rio grande da serra,SP,-23.7301,-46.3692,Rio Grande Da Serra
riolandia,SP,-20.0586,-49.7064,Riolândia
rosana,SP,-22.5037,-52.8533,Rosana
roseira,SP,-22.9195,-45.2972,Roseira
rubiacea,SP,-21.3293,-50.7734,Rubiácea
rubineia,SP,-20.2341,-51.002,Rubinéia
sabino,SP,-21.4727,-49.5828,Sabino
sagres,SP,-21.8578,-50.9903,Sagres
sales,SP,-21.3487,-49.5181,Sales
sales oliveira,SP,-20.836,-47.8613,Sales Oliveira
salesopolis,SP,-23.576,-45.8521,Salesópolis
salmourao,SP,-21.5673,-50.8709,Salmourão
saltinho,SP,-22.8626,-47.7237,Saltinho
salto,SP,-23.1689,-47.296,Salto
salto de pirapora,SP,-23.6524,-47.5893,Salto De Pirapora
salto grande,SP,-22.87,-49.9685,Salto Grande
sandovalina,SP,-22.459,-51.8328,Sandovalina
santa adelia,SP,-21.3121,-48.8267,Santa Adélia
santa albertina,SP,-20.024,-50.7316,Santa Albertina
santa barbara d'oeste,SP,-22.7943,-47.4403,Santa Bárbara D'oeste
santa branca,SP,-23.412,-45.868,Santa Branca
santa clara d'oeste,SP,-20.0669,-50.9016,Santa Clara D'oeste
santa cruz da conceicao,SP,-22.1141,-47.478,Santa Cruz Da Conceição
santa cruz da esperanca,SP,-21.2684,-47.4497,Santa Cruz Da Esperança
santa cruz das palmeiras,SP,-21.8759,-47.2516,Santa Cruz Das Palmeiras
santa cruz do rio pardo,SP,-22.8164,-49.6018,Santa Cruz Do Rio Pardo
santa ernestina,SP,-21.4454,-48.3682,Santa Ernestina
santa fe do sul,SP,-20.229,-50.9343,Santa Fé Do Sul
santa gertrudes,SP,-22.4791,-47.516,Santa Gertrudes
santa isabel,SP,-23.2742,-46.2547,Santa Isabel
santa lucia,SP,-21.6534,-48.0745,Santa Lúcia
santa maria da serra,SP,-22.5478,-48.1586,Santa Maria Da Serra
santa mercedes,SP,-21.3004,-51.7422,Santa Mercedes
santana da ponte pensa,SP,-20.2409,-50.7959,Santana Da Ponte Pensa
santana de parnaiba,SP,-23.4517,-46.9221,Santana De Parnaíba
santa rita d'oeste,SP,-20.0911,-50.8204,Santa Rita D'oeste
santa rita do passa quatro,SP,-21.6985,-47.4924,Santa Rita Do Passa Quatro
santa rosa de viterbo,SP,-21.5088,-47.3625,Santa Rosa De Viterbo
santa salete,SP,-20.2555,-50.7223,Santa Salete
santo anastacio,SP,-22.0193,-51.7127,Santo Anastácio
santo andre,SP,-23.7185,-46.4524,Santo André
santo antonio da alegria,SP,-21.0953,-47.1958,Santo Antônio Da Alegria
santo antonio de posse,SP,-22.6044,-46.9514,Santo Antônio De Posse
santo antonio do aracangua,SP,-20.8439,-50.5674,Santo Antônio Do Aracanguá
santo antonio do jardim,SP,-22.1289,-46.6862,Santo Antônio Do Jardim
santo antonio do pinhal,SP,-22.8179,-45.7131,Santo Antônio Do Pinhal
santo expedito,SP,-21.8103,-51.3742,Santo Expedito
santopolis do aguapei,SP,-21.6544,-50.5295,Santópolis Do Aguapeí
santos,SP,-23.9994,-46.259,Santos
sao bento do sapucai,SP,-22.6693,-45.6783,São Bento Do Sapucaí
sao bernardo do campo,SP,-23.7664,-46.5599,São Bernardo Do Campo
sao caetano do sul,SP,-23.6206,-46.5656,São Caetano Do Sul
sao carlos,SP,-21.8873,-47.8754,São Carlos
sao francisco,SP,-20.3538,-50.6839,São Francisco
sao joao da boa vista,SP,-21.9844,-46.8093,São João Da Boa Vista
sao joao das duas pontes,SP,-20.3986,-50.3714,São João Das Duas Pontes
sao joao de iracema,SP,-20.5205,-50.364,São João De Iracema
sao joao do pau d'alho,SP,-21.2006,-51.6657,São João Do Pau D'alho
sao joaquim da barra,SP,-20.5322,-47.9011,São Joaquim Da Barra
sao jose da bela vista,SP,-20.5976,-47.6238,São José Da Bela Vista
sao jose do barreiro,SP,-22.7441,-44.591,São José Do Barreiro
sao jose do rio pardo,SP,-21.5992,-46.8975,São José Do Rio Pardo
sao jose do rio preto,SP,-20.7545,-49.3751,São José Do Rio Preto
sao jose dos campos,SP,-23.0827,-45.929,São José Dos Campos
sao lourenco da serra,SP,-23.832,-46.9475,São Lourenço Da Serra
sao luiz do paraitinga,SP,-23.2488,-45.2455,São Luiz Do Paraitinga
sao manuel,SP,-22.683,-48.5646,São Manuel
sao miguel arcanjo,SP,-23.9325,-47.9803,São Miguel Arcanjo
sao paulo,SP,-23.6418,-46.6553,São Paulo
sao pedro,SP,-22.5771,-47.9098,São Pedro
sao pedro do turvo,SP,-22.6925,-49.7513,São Pedro Do Turvo
sao roque,SP,-23.5252,-47.1054,São Roque
sao sebastiao,SP,-23.87,-45.6107,São Sebastião
sao sebastiao da grama,SP,-21.7555,-46.7495,São Sebastião Da Grama
sao simao,SP,-21.439,-47.5663,São Simão
sao vicente,SP,-23.9626,-46.4698,São Vicente
sarapui,SP,-23.6573,-47.7813,Sarapuí
sarutaia,SP,-23.2559,-49.4903,Sarutaiá
sebastianopolis do sul,SP,-20.62,-49.9311,Sebastianópolis Do Sul
serra azul,SP,-21.2971,-47.5447,Serra Azul
serrana,SP,-21.2179,-47.6173,Serrana
serra negra,SP,-22.578,-46.6924,Serra Negra
sertaozinho,SP,-21.111,-48.0065,Sertãozinho
sete barras,SP,-24.2541,-47.9374,Sete Barras
severinia,SP,-20.7864,-48.7969,Severínia
silveiras,SP,-22.7168,-44.8372,Silveiras
socorro,SP,-22.5862,-46.5001,Socorro
sorocaba,SP,-23.476,-47.4512,Sorocaba
sud mennucci,SP,-20.5978,-50.8753,Sud Mennucci
sumare,SP,-22.8433,-47.2714,Sumaré
suzano,SP,-23.6038,-46.3068,Suzano
suzanapolis,SP,-20.4906,-51.0467,Suzanápolis
tabapua,SP,-20.9339,-49.0245,Tabapuã
tabatinga,SP,-21.7284,-48.6395,Tabatinga
taboao da serra,SP,-23.6171,-46.7818,Taboão Da Serra
taciba,SP,-22.5188,-51.3521,Taciba
taguai,SP,-23.4772,-49.4075,Taguaí
taiacu,SP,-21.1271,-48.5295,Taiaçu
taiuva,SP,-21.1263,-48.4238,Taiúva
tambau,SP,-21.5819,-47.234,Tambaú
tanabi,SP,-20.5122,-49.6462,Tanabi
tapirai,SP,-24.0116,-47.6538,Tapiraí
tapiratiba,SP,-21.4401,-46.7492,Tapiratiba
taquaral,SP,-21.0622,-48.4055,Taquaral
taquaritinga,SP,-21.4181,-48.5315,Taquaritinga
taquarituba,SP,-23.5315,-49.227,Taquarituba
taquarivai,SP,-23.9413,-48.7023,Taquarivaí
tarabai,SP,-22.3562,-51.6219,Tarabai
taruma,SP,-22.7357,-50.5918,Tarumã
tatui,SP,-23.3518,-47.8364,Tatuí
taubate,SP,-23.0659,-45.519,Taubaté
tejupa,SP,-23.3535,-49.3108,Tejupá
teodoro sampaio,SP,-22.4096,-52.3567,Teodoro Sampaio
terra roxa,SP,-20.7676,-48.3436,Terra Roxa
tiete,SP,-23.0595,-47.707,Tietê
timburi,SP,-23.2031,-49.6062,Timburi
torre de pedra,SP,-23.2464,-48.2198,Torre De Pedra
torrinha,SP,-22.4731,-48.1771,Torrinha
trabiju,SP,-22.0451,-48.3644,Trabiju
tremembe,SP,-22.9393,-45.6127,Tremembé
tres fronteiras,SP,-20.2816,-50.8745,Três Fronteiras
tuiuti,SP,-22.8346,-46.6863,Tuiuti
tupa,SP,-21.9308,-50.5097,Tupã
tupi paulista,SP,-21.3771,-51.5729,Tupi Paulista
turiuba,SP,-20.9394,-50.1153,Turiúba
turmalina,SP,-20.0724,-50.4563,Turmalina
ubarana,SP,-21.2134,-49.7379,Ubarana
ubatuba,SP,-23.4418,-45.0018,Ubatuba
ubirajara,SP,-22.5355,-49.6631,Ubirajara
uchoa,SP,-20.9332,-49.1567,Uchoa
uniao paulista,SP,-20.8866,-49.89,União Paulista
urania,SP,-20.1864,-50.6599,Urânia
uru,SP,-21.7576,-49.293,Uru
urupes,SP,-21.1875,-49.2877,Urupês
valentim gentil,SP,-20.4174,-50.1006,Valentim Gentil
valinhos,SP,-22.9709,-46.9685,Valinhos
valparaiso,SP,-21.1678,-50.8934,Valparaíso
vargem,SP,-22.8903,-46.417,Vargem
vargem grande do sul,SP,-21.8633,-46.8969,Vargem Grande Do Sul
vargem grande paulista,SP,-23.6073,-47.0126,Vargem Grande Paulista
varzea paulista,SP,-23.2135,-46.8269,Várzea Paulista
vera cruz,SP,-22.213,-49.8325,Vera Cruz
vinhedo,SP,-23.0454,-46.9784,Vinhedo
viradouro,SP,-20.8693,-48.3027,Viradouro
vista alegre do alto,SP,-21.1753,-48.6531,Vista Alegre Do Alto
vitoria brasil,SP,-20.1974,-50.4875,Vitória Brasil
votorantim,SP,-23.5828,-47.4109,Votorantim
votuporanga,SP,-20.4717,-49.9997,Votuporanga
zacarias,SP,-21.1032,-50.0395,Zacarias
chavantes,SP,-23.0315,-49.7297,Chavantes
estiva gerbi,SP,-22.2188,-46.9346,Estiva Gerbi
abatia,PR,-23.2917,-50.3123,Abatiá
adrianopolis,PR,-24.7568,-48.806,Adrianópolis
agudos do sul,PR,-26.0253,-49.3107,Agudos Do Sul
almirante tamandare,PR,-25.2949,-49.3264,Almirante Tamandaré
altamira do parana,PR,-24.8077,-52.7322,Altamira Do Paraná
altonia,PR,-23.91,-53.9566,Altônia
alto parana,PR,-23.0416,-52.3305,Alto Paraná
alto piquiri,PR,-24.124,-53.3781,Alto Piquiri
alvorada do sul,PR,-22.8035,-51.2807,Alvorada Do Sul
amapora,PR,-23.1423,-52.8379,Amaporã
ampere,PR,-25.9032,-53.5196,Ampére
anahy,PR,-24.6357,-53.1232,Anahy
andira,PR,-23.04,-50.2775,Andirá
angulo,PR,-23.1978,-51.9276,Ângulo
antonina,PR,-25.2694,-48.7194,Antonina
antonio olinto,PR,-25.975,-50.1223,Antônio Olinto
apucarana,PR,-23.5468,-51.4593,Apucarana
arapongas,PR,-23.4374,-51.4332,Arapongas
arapoti,PR,-24.0302,-49.9996,Arapoti
arapua,PR,-24.3263,-51.8116,Arapuã
araruna,PR,-23.942,-52.5787,Araruna
araucaria,PR,-25.6182,-49.4589,Araucária
ariranha do ivai,PR,-24.3677,-51.5106,Ariranha Do Ivaí
assai,PR,-23.4279,-50.8887,Assaí
assis chateaubriand,PR,-24.3971,-53.5722,Assis Chateaubriand
astorga,PR,-23.2633,-51.7299,Astorga
atalaia,PR,-23.1284,-52.0554,Atalaia
balsa nova,PR,-25.4927,-49.6904,Balsa Nova
bandeirantes,PR,-23.1335,-50.3457,Bandeirantes
barbosa ferraz,PR,-24.0971,-52.0322,Barbosa Ferraz
barracao,PR,-26.2393,-53.5305,Barracão
barra do jacare,PR,-23.1157,-50.1692,Barra Do Jacaré
bela vista da caroba,PR,-25.8681,-53.6124,Bela Vista Da Caroba
bela vista do paraiso,PR,-22.9906,-51.2605,Bela Vista Do Paraíso
bituruna,PR,-26.1618,-51.5423,Bituruna
boa esperanca,PR,-24.2539,-52.7721,Boa Esperança
boa esperanca do iguacu,PR,-25.6267,-53.2302,Boa Esperança Do Iguaçu
boa ventura de sao roque,PR,-24.8405,-51.5519,Boa Ventura De São Roque
boa vista da aparecida,PR,-25.4407,-53.4202,Boa Vista Da Aparecida
bocaiuva do sul,PR,-25.1076,-48.8946,Bocaiúva Do Sul
bom jesus do sul,PR,-26.1687,-53.5569,Bom Jesus Do Sul
bom sucesso,PR,-23.6891,-51.8215,Bom Sucesso
bom sucesso do sul,PR,-26.0724,-52.8539,Bom Sucesso Do Sul
borrazopolis,PR,-23.9485,-51.6136,Borrazópolis
braganey,PR,-24.783,-53.0745,Braganey
brasilandia do sul,PR,-24.194,-53.5481,Brasilândia Do Sul
cafeara,PR,-22.802,-51.7104,Cafeara
cafelandia,PR,-24.6803,-53.3465,Cafelândia
cafezal do sul,PR,-23.9402,-53.5715,Cafezal Do Sul
california,PR,-23.6616,-51.3451,Califórnia
cambara,PR,-22.9968,-50.0594,Cambará
cambe,PR,-23.1764,-51.2757,Cambé
cambira,PR,-23.6406,-51.5633,Cambira
campina da lagoa,PR,-24.6225,-52.8175,Campina Da Lagoa
campina do simao,PR,-25.1096,-51.7861,Campina Do Simão
campina grande do sul,PR,-25.1611,-48.8211,Campina Grande Do Sul
campo bonito,PR,-24.8666,-53.0017,Campo Bonito
campo do tenente,PR,-25.9746,-49.6402,Campo Do Tenente
campo largo,PR,-25.2682,-49.6311,Campo Largo
campo magro,PR,-25.2532,-49.4869,Campo Magro
campo mourao,PR,-24.1174,-52.3825,Campo Mourão
candido de abreu,PR,-24.6833,-51.2745,Cândido De Abreu
candoi,PR,-25.5467,-52.0628,Candói
cantagalo,PR,-25.2659,-52.1339,Cantagalo
capanema,PR,-25.6137,-53.7821,Capanema
capitao leonidas marques,PR,-25.4574,-53.6091,Capitão Leônidas Marques
carambei,PR,-24.8798,-50.1626,Carambeí
carlopolis,PR,-23.4397,-49.6902,Carlópolis
cascavel,PR,-25.0174,-53.3839,Cascavel
castro,PR,-24.8171,-49.8836,Castro
catanduvas,PR,-25.273,-53.1425,Catanduvas
centenario do sul,PR,-22.8078,-51.5622,Centenário Do Sul
cerro azul,PR,-24.8592,-49.246,Cerro Azul
ceu azul,PR,-25.3492,-53.7508,Céu Azul
chopinzinho,PR,-25.7828,-52.4659,Chopinzinho
cianorte,PR,-23.6905,-52.59,Cianorte
cidade gaucha,PR,-23.35,-52.9381,Cidade Gaúcha
clevelandia,PR,-26.2768,-52.3853,Clevelândia
colombo,PR,-25.296,-49.182,Colombo
colorado,PR,-22.8276,-51.9605,Colorado
congonhinhas,PR,-23.6283,-50.4859,Congonhinhas
conselheiro mairinck,PR,-23.6,-50.1233,Conselheiro Mairinck
contenda,PR,-25.7089,-49.5017,Contenda
corbelia,PR,-24.7178,-53.2206,Corbélia
cornelio procopio,PR,-23.2324,-50.6123,Cornélio Procópio
coronel domingos soares,PR,-26.2036,-51.9587,Coronel Domingos Soares
coronel vivida,PR,-25.9929,-52.6344,Coronel Vivida
corumbatai do sul,PR,-24.1254,-52.1422,Corumbataí Do Sul
cruzeiro do iguacu,PR,-25.5949,-53.1254,Cruzeiro Do Iguaçu
cruzeiro do oeste,PR,-23.7472,-53.0694,Cruzeiro Do Oeste
cruzeiro do sul,PR,-22.9814,-52.174,Cruzeiro Do Sul
cruz machado,PR,-25.9179,-51.2759,Cruz Machado
cruzmaltina,PR,-24.0185,-51.4865,Cruzmaltina
curitiba,PR,-25.4656,-49.2935,Curitiba
curiuva,PR,-23.9716,-50.443,Curiúva
diamante do norte,PR,-22.6305,-52.8801,Diamante Do Norte
diamante do sul,PR,-24.9574,-52.7031,Diamante Do Sul
diamante d'oeste,PR,-24.9251,-54.1178,Diamante D'oeste
dois vizinhos,PR,-25.7292,-53.0837,Dois Vizinhos
douradina,PR,-23.3257,-53.2907,Douradina
doutor camargo,PR,-23.5593,-52.1977,Doutor Camargo
eneas marques,PR,-25.8661,-53.1672,Enéas Marques
engenheiro beltrao,PR,-23.7597,-52.2213,Engenheiro Beltrão
esperanca nova,PR,-23.7204,-53.7885,Esperança Nova
entre rios do oeste,PR,-24.7004,-54.2175,Entre Rios Do Oeste
espigao alto do iguacu,PR,-25.392,-52.7847,Espigão Alto Do Iguaçu
farol,PR,-24.1224,-52.644,Farol
faxinal,PR,-24.0273,-51.3166,Faxinal
fazenda rio grande,PR,-25.6693,-49.3177,Fazenda Rio Grande
fenix,PR,-23.8861,-52.0167,Fênix
fernandes pinheiro,PR,-25.4969,-50.5111,Fernandes Pinheiro
figueira,PR,-23.8428,-50.4282,Figueira
florai,PR,-23.3182,-52.3355,Floraí
flor da serra do sul,PR,-26.2241,-53.3216,Flor Da Serra Do Sul
floresta,PR,-23.6197,-52.0975,Floresta
florestopolis,PR,-22.8746,-51.3935,Florestópolis
florida,PR,-23.105,-51.9667,Flórida
formosa do oeste,PR,-24.3069,-53.3337,Formosa Do Oeste
foz do iguacu,PR,-25.4365,-54.4572,Foz Do Iguaçu
francisco alves,PR,-24.0969,-53.8802,Francisco Alves
francisco beltrao,PR,-26.0532,-53.0915,Francisco Beltrão
foz do jordao,PR,-25.6969,-52.0691,Foz Do Jordão
general carneiro,PR,-26.4421,-51.3982,General Carneiro
godoy moreira,PR,-24.1529,-51.917,Godoy Moreira
goioere,PR,-24.1812,-53.084,Goioerê
goioxim,PR,-25.1066,-52.0143,Goioxim
grandes rios,PR,-24.1851,-51.4477,Grandes Rios
guaira,PR,-24.2084,-54.2085,Guaíra
guairaca,PR,-22.9214,-52.7612,Guairaçá
guamiranga,PR,-25.1579,-50.867,Guamiranga
guapirama,PR,-23.4654,-50.0889,Guapirama
guaporema,PR,-23.3281,-52.8288,Guaporema
guaraci,PR,-22.9503,-51.6623,Guaraci
guaraniacu,PR,-25.0317,-52.8827,Guaraniaçu
guarapuava,PR,-25.3614,-51.4555,Guarapuava
guaraquecaba,PR,-25.1834,-48.3963,Guaraqueçaba
guaratuba,PR,-25.8055,-48.8323,Guaratuba
honorio serpa,PR,-26.1632,-52.4069,Honório Serpa
ibaiti,PR,-23.7734,-50.3309,Ibaiti
ibema,PR,-25.1511,-52.9976,Ibema
ibipora,PR,-23.2168,-51.0126,Ibiporã
icaraima,PR,-23.3512,-53.5976,Icaraíma
iguaracu,PR,-23.2162,-51.8286,Iguaraçu
iguatu,PR,-24.6826,-53.0882,Iguatu
imbau,PR,-24.4339,-50.7373,Imbaú
imbituva,PR,-25.2227,-50.6462,Imbituva
inacio martins,PR,-25.6296,-51.2181,Inácio Martins
inaja,PR,-22.6987,-52.2277,Inajá
indianopolis,PR,-23.4729,-52.6536,Indianópolis
ipiranga,PR,-25.0079,-50.5104,Ipiranga
ipora,PR,-24.0355,-53.7377,Iporã
iracema do oeste,PR,-24.4443,-53.3412,Iracema Do Oeste
irati,PR,-25.498,-50.872,Irati
iretama,PR,-24.3414,-52.0893,Iretama
itaguaje,PR,-22.6307,-51.9699,Itaguajé
itaipulandia,PR,-25.1556,-54.3588,Itaipulândia
itambaraca,PR,-22.9746,-50.4233,Itambaracá
itambe,PR,-23.695,-52.0107,Itambé
itapejara d'oeste,PR,-25.9666,-52.8376,Itapejara D'oeste
itaperucu,PR,-25.1269,-49.4841,Itaperuçu
itauna do sul,PR,-22.7202,-52.8772,Itaúna Do Sul
ivai,PR,-24.9944,-50.8862,Ivaí
ivaipora,PR,-24.2717,-51.603,Ivaiporã
ivate,PR,-23.3482,-53.4344,Ivaté
ivatuba,PR,-23.5865,-52.1744,Ivatuba
jaboti,PR,-23.7029,-50.0718,Jaboti
jacarezinho,PR,-23.1691,-49.9529,Jacarezinho
jaguapita,PR,-23.0617,-51.5554,Jaguapitã
jaguariaiva,PR,-24.3246,-49.6991,Jaguariaíva
jandaia do sul,PR,-23.6252,-51.682,Jandaia Do Sul
janiopolis,PR,-24.1051,-52.8172,Janiópolis
japira,PR,-23.6947,-50.176,Japira
japura,PR,-23.4362,-52.5376,Japurá
jardim alegre,PR,-24.218,-51.7479,Jardim Alegre
jardim olinda,PR,-22.5713,-52.0805,Jardim Olinda
jataizinho,PR,-23.2332,-50.9292,Jataizinho
jesuitas,PR,-24.4142,-53.4196,Jesuítas
joaquim tavora,PR,-23.4383,-49.9073,Joaquim Távora
jundiai do sul,PR,-23.4544,-50.1918,Jundiaí Do Sul
juranda,PR,-24.4246,-52.822,Juranda
jussara,PR,-23.6236,-52.4597,Jussara
kalore,PR,-23.8702,-51.6901,Kaloré
lapa,PR,-25.7737,-49.9051,Lapa
laranjal,PR,-24.9159,-52.5086,Laranjal
laranjeiras do sul,PR,-25.3292,-52.3651,Laranjeiras Do Sul
leopolis,PR,-23.0416,-50.7225,Leópolis
lidianopolis,PR,-24.0536,-51.649,Lidianópolis
lindoeste,PR,-25.2642,-53.5588,Lindoeste
loanda,PR,-22.9173,-53.033,Loanda
lobato,PR,-22.9859,-52.0128,Lobato
londrina,PR,-23.5255,-51.0898,Londrina
luiziana,PR,-24.3319,-52.2896,Luiziana
lunardelli,PR,-24.0721,-51.7623,Lunardelli
lupionopolis,PR,-22.7416,-51.668,Lupionópolis
mallet,PR,-25.8828,-50.8534,Mallet
mambore,PR,-24.398,-52.6114,Mamborê
mandaguacu,PR,-23.2709,-52.0512,Mandaguaçu
mandaguari,PR,-23.48,-51.728,Mandaguari
mandirituba,PR,-25.844,-49.3044,Mandirituba
manfrinopolis,PR,-26.1138,-53.3597,Manfrinópolis
mangueirinha,PR,-26.0268,-52.2299,Mangueirinha
manoel ribas,PR,-24.5027,-51.6154,Manoel Ribas
marechal candido rondon,PR,-24.5828,-54.1085,Marechal Cândido Rondon
maria helena,PR,-23.5353,-53.2392,Maria Helena
marialva,PR,-23.5268,-51.8966,Marialva
marilandia do sul,PR,-23.7404,-51.2923,Marilândia Do Sul
marilena,PR,-22.7062,-53.0589,Marilena
mariluz,PR,-24.0695,-53.2466,Mariluz
maringa,PR,-23.3837,-51.9598,Maringá
mariopolis,PR,-26.2994,-52.5805,Mariópolis
maripa,PR,-24.4571,-53.8264,Maripá
marmeleiro,PR,-26.2091,-53.0882,Marmeleiro
marquinho,PR,-25.0948,-52.2716,Marquinho
marumbi,PR,-23.7686,-51.6558,Marumbi
matelandia,PR,-25.3707,-53.8766,Matelândia
matinhos,PR,-25.7636,-48.4681,Matinhos
mato rico,PR,-24.7196,-52.2254,Mato Rico
maua da serra,PR,-23.9014,-51.179,Mauá Da Serra
medianeira,PR,-25.2355,-54.1212,Medianeira
mercedes,PR,-24.409,-54.1561,Mercedes
mirador,PR,-23.207,-52.7547,Mirador
miraselva,PR,-22.9757,-51.4812,Miraselva
missal,PR,-25.1081,-54.242,Missal
moreira sales,PR,-24.0083,-52.992,Moreira Sales
morretes,PR,-25.5274,-48.8651,Morretes
munhoz de melo,PR,-23.1463,-51.7385,Munhoz De Melo
nossa senhora das gracas,PR,-22.9027,-51.8064,Nossa Senhora Das Graças
nova alianca do ivai,PR,-23.1756,-52.6331,Nova Aliança Do Ivaí
nova america da colina,PR,-23.3273,-50.7074,Nova América Da Colina
nova aurora,PR,-24.4963,-53.29,Nova Aurora
nova cantu,PR,-24.6449,-52.5789,Nova Cantu
nova esperanca,PR,-23.17,-52.2203,Nova Esperança
nova esperanca do sudoeste,PR,-25.8734,-53.253,Nova Esperança Do Sudoeste
nova fatima,PR,-23.3966,-50.5245,Nova Fátima
nova laranjeiras,PR,-25.1911,-52.5733,Nova Laranjeiras
nova londrina,PR,-22.7607,-52.9722,Nova Londrina
nova olimpia,PR,-23.4196,-53.0695,Nova Olímpia
nova santa barbara,PR,-23.5926,-50.7704,Nova Santa Bárbara
nova santa rosa,PR,-24.4367,-53.9895,Nova Santa Rosa
nova prata do iguacu,PR,-25.5911,-53.3762,Nova Prata Do Iguaçu
nova tebas,PR,-24.4026,-51.9583,Nova Tebas
novo itacolomi,PR,-23.7699,-51.5283,Novo Itacolomi
ortigueira,PR,-24.1043,-50.9816,Ortigueira
ourizona,PR,-23.458,-52.2292,Ourizona
ouro verde do oeste,PR,-24.7838,-53.9623,Ouro Verde Do Oeste
paicandu,PR,-23.4682,-52.1302,Paiçandu
palmas,PR,-26.3943,-51.833,Palmas
palmeira,PR,-25.4284,-50.0813,Palmeira
palmital,PR,-24.8709,-52.3044,Palmital
palotina,PR,-24.2462,-53.777,Palotina
paraiso do norte,PR,-23.2626,-52.6295,Paraíso Do Norte
paranacity,PR,-22.8248,-52.129,Paranacity
paranagua,PR,-25.5647,-48.513,Paranaguá
paranapoema,PR,-22.6581,-52.1065,Paranapoema
paranavai,PR,-22.9054,-52.5166,Paranavaí
pato bragado,PR,-24.6381,-54.2529,Pato Bragado
pato branco,PR,-26.1553,-52.6499,Pato Branco
paula freitas,PR,-26.2015,-50.8466,Paula Freitas
paulo frontin,PR,-26.0545,-50.7353,Paulo Frontin
peabiru,PR,-23.9457,-52.3228,Peabiru
perobal,PR,-23.941,-53.3532,Perobal
perola,PR,-23.7948,-53.7298,Pérola
perola d'oeste,PR,-25.8383,-53.7701,Pérola D'oeste
pien,PR,-26.0698,-49.4708,Piên
pinhais,PR,-25.4216,-49.1551,Pinhais
pinhalao,PR,-23.8671,-50.0473,Pinhalão
pinhal de sao bento,PR,-26.012,-53.502,Pinhal De São Bento
pinhao,PR,-25.7536,-51.6728,Pinhão
pirai do sul,PR,-24.482,-49.9181,Piraí Do Sul
piraquara,PR,-25.4603,-49.0704,Piraquara
pitanga,PR,-24.6375,-51.7798,Pitanga
pitangueiras,PR,-23.1865,-51.5707,Pitangueiras
planaltina do parana,PR,-23.0909,-52.9211,Planaltina Do Paraná
planalto,PR,-25.72,-53.724,Planalto
ponta grossa,PR,-25.1103,-50.1106,Ponta Grossa
pontal do parana,PR,-25.6416,-48.4897,Pontal Do Paraná
porecatu,PR,-22.7512,-51.4011,Porecatu
porto amazonas,PR,-25.5227,-49.8896,Porto Amazonas
porto barreiro,PR,-25.5971,-52.3863,Porto Barreiro
porto rico,PR,-22.8518,-53.299,Porto Rico
porto vitoria,PR,-26.2399,-51.2485,Porto Vitória
prado ferreira,PR,-23.0201,-51.4027,Prado Ferreira
pranchita,PR,-25.9537,-53.6997,Pranchita
presidente castelo branco,PR,-23.2592,-52.1596,Presidente Castelo Branco
primeiro de maio,PR,-22.8595,-51.0677,Primeiro De Maio
prudentopolis,PR,-25.1247,-51.143,Prudentópolis
quarto centenario,PR,-24.311,-53.154,Quarto Centenário
quatigua,PR,-23.5479,-49.927,Quatiguá
quatro barras,PR,-25.3771,-48.9919,Quatro Barras
quatro pontes,PR,-24.5659,-53.9811,Quatro Pontes
quedas do iguacu,PR,-25.4352,-52.9909,Quedas Do Iguaçu
querencia do norte,PR,-23.073,-53.5211,Querência Do Norte
quinta do sol,PR,-23.8065,-52.1609,Quinta Do Sol
quitandinha,PR,-25.8981,-49.4704,Quitandinha
ramilandia,PR,-25.0869,-54.0697,Ramilândia
rancho alegre,PR,-23.0546,-50.9194,Rancho Alegre
rancho alegre d'oeste,PR,-24.2742,-52.9565,Rancho Alegre D'oeste
realeza,PR,-25.6576,-53.5631,Realeza
reboucas,PR,-25.6722,-50.6338,Rebouças
renascenca,PR,-26.1981,-52.9362,Renascença
reserva,PR,-24.5817,-50.9298,Reserva
reserva do iguacu,PR,-25.8418,-51.9749,Reserva Do Iguaçu
ribeirao claro,PR,-23.2647,-49.7932,Ribeirão Claro
ribeirao do pinhal,PR,-23.3815,-50.4369,Ribeirão Do Pinhal
rio azul,PR,-25.7168,-50.7308,Rio Azul
rio bom,PR,-23.7947,-51.446,Rio Bom
rio bonito do iguacu,PR,-25.5365,-52.6513,Rio Bonito Do Iguaçu
rio branco do ivai,PR,-24.3517,-51.3497,Rio Branco Do Ivaí
rio branco do sul,PR,-25.0363,-49.3681,Rio Branco Do Sul
rio negro,PR,-26.1109,-49.7054,Rio Negro
rolandia,PR,-23.2785,-51.4031,Rolândia
roncador,PR,-24.5328,-52.1848,Roncador
rondon,PR,-23.4609,-52.8406,Rondon
rosario do ivai,PR,-24.3136,-51.1986,Rosário Do Ivaí
sabaudia,PR,-23.3463,-51.5964,Sabáudia
salgado filho,PR,-26.1185,-53.4511,Salgado Filho
salto do itarare,PR,-23.6172,-49.674,Salto Do Itararé
salto do lontra,PR,-25.7761,-53.322,Salto Do Lontra
santa amelia,PR,-23.2553,-50.3981,Santa Amélia
santa cecilia do pavao,PR,-23.5528,-50.8177,Santa Cecília Do Pavão
santa cruz de monte castelo,PR,-23.1425,-53.3789,Santa Cruz De Monte Castelo
santa fe,PR,-23.0453,-51.8471,Santa Fé
santa helena,PR,-24.8945,-54.2746,Santa Helena
santa ines,PR,-22.712,-51.8955,Santa Inês
santa isabel do ivai,PR,-23.1493,-53.2438,Santa Isabel Do Ivaí
santa izabel do oeste,PR,-25.7642,-53.4081,Santa Izabel Do Oeste
santa lucia,PR,-25.389,-53.5192,Santa Lúcia
santa maria do oeste,PR,-24.9251,-51.9624,Santa Maria Do Oeste
santa mariana,PR,-23.0456,-50.5332,Santa Mariana
santa monica,PR,-23.1638,-53.1148,Santa Mônica
santana do itarare,PR,-23.7602,-49.6131,Santana Do Itararé
santa tereza do oeste,PR,-25.0118,-53.624,Santa Tereza Do Oeste
santa terezinha de itaipu,PR,-25.424,-54.4141,Santa Terezinha De Itaipu
santo antonio da platina,PR,-23.2493,-50.103,Santo Antônio Da Platina
santo antonio do caiua,PR,-22.6872,-52.3576,Santo Antônio Do Caiuá
santo antonio do paraiso,PR,-23.5597,-50.62,Santo Antônio Do Paraíso
santo antonio do sudoeste,PR,-26.0415,-53.5776,Santo Antônio Do Sudoeste
santo inacio,PR,-22.7356,-51.8106,Santo Inácio
sao carlos do ivai,PR,-23.3406,-52.4883,São Carlos Do Ivaí
sao jeronimo da serra,PR,-23.6472,-50.829,São Jerônimo Da Serra
sao joao,PR,-25.7629,-52.8106,São João
sao joao do caiua,PR,-22.8491,-52.3314,São João Do Caiuá
sao joao do ivai,PR,-23.9733,-51.8942,São João Do Ivaí
sao joao do triunfo,PR,-25.6926,-50.2933,São João Do Triunfo
sao jorge d'oeste,PR,-25.6611,-52.9697,São Jorge D'oeste
sao jorge do ivai,PR,-23.4291,-52.3151,São Jorge Do Ivaí
sao jorge do patrocinio,PR,-23.7506,-53.9308,São Jorge Do Patrocínio
sao jose da boa vista,PR,-23.9496,-49.6461,São José Da Boa Vista
sao jose das palmeiras,PR,-24.8313,-54.1237,São José Das Palmeiras
sao jose dos pinhais,PR,-25.6848,-49.0636,São José Dos Pinhais
sao manoel do parana,PR,-23.3745,-52.5988,São Manoel Do Paraná
sao mateus do sul,PR,-25.9137,-50.4839,São Mateus Do Sul
sao miguel do iguacu,PR,-25.4034,-54.2291,São Miguel Do Iguaçu
sao pedro do iguacu,PR,-24.8958,-53.9076,São Pedro Do Iguaçu
sao pedro do ivai,PR,-23.8361,-51.8948,São Pedro Do Ivaí
sao pedro do parana,PR,-22.7983,-53.2066,São Pedro Do Paraná
sao sebastiao da amoreira,PR,-23.4322,-50.7181,São Sebastião Da Amoreira
sao tome,PR,-23.5222,-52.5059,São Tomé
sapopema,PR,-23.8894,-50.6172,Sapopema
sarandi,PR,-23.4609,-51.8625,Sarandi
saudade do iguacu,PR,-25.7276,-52.611,Saudade Do Iguaçu
senges,PR,-24.1851,-49.4697,Sengés
serranopolis do iguacu,PR,-25.4808,-54.0412,Serranópolis Do Iguaçu
sertaneja,PR,-22.9485,-50.9008,Sertaneja
sertanopolis,PR,-23.0259,-51.0253,Sertanópolis
siqueira campos,PR,-23.6283,-49.8046,Siqueira Campos
sulina,PR,-25.6678,-52.7112,Sulina
tamarana,PR,-23.8145,-51.0226,Tamarana
tamboara,PR,-23.1854,-52.4715,Tamboara
tapejara,PR,-23.6369,-52.9037,Tapejara
tapira,PR,-23.2841,-53.1338,Tapira
teixeira soares,PR,-25.2952,-50.4246,Teixeira Soares
telemaco borba,PR,-24.2174,-50.5855,Telêmaco Borba
terra boa,PR,-23.6778,-52.3514,Terra Boa
terra rica,PR,-22.7306,-52.6909,Terra Rica
terra roxa,PR,-24.2055,-54.0817,Terra Roxa
tibagi,PR,-24.7065,-50.4996,Tibagi
tijucas do sul,PR,-25.9012,-49.1202,Tijucas Do Sul
toledo,PR,-24.6989,-53.8119,Toledo
tomazina,PR,-23.6941,-49.9814,Tomazina
tres barras do parana,PR,-25.4275,-53.2213,Três Barras Do Paraná
tunas do parana,PR,-24.9712,-48.9088,Tunas Do Paraná
tuneiras do oeste,PR,-23.867,-52.8556,Tuneiras Do Oeste
tupassi,PR,-24.638,-53.5129,Tupãssi
turvo,PR,-24.9427,-51.4752,Turvo
ubirata,PR,-24.5255,-53.0094,Ubiratã
umuarama,PR,-23.674,-53.3799,Umuarama
uniao da vitoria,PR,-26.0938,-51.092,União Da Vitória
uniflor,PR,-23.0557,-52.0946,Uniflor
urai,PR,-23.194,-50.8108,Uraí
wenceslau braz,PR,-23.8732,-49.7987,Wenceslau Braz
ventania,PR,-24.1795,-50.2404,Ventania
vera cruz do oeste,PR,-24.9485,-53.9409,Vera Cruz Do Oeste
vere,PR,-25.8593,-52.9322,Verê
alto paraiso,PR,-23.5209,-53.8451,Alto Paraíso
doutor ulysses,PR,-24.6115,-49.3892,Doutor Ulysses
virmond,PR,-25.4284,-52.2409,Virmond
vitorino,PR,-26.2269,-52.8068,Vitorino
xambre,PR,-23.7299,-53.6072,Xambrê
abdon batista,SC,-27.5833,-51.0303,Abdon Batista
abelardo luz,SC,-26.5778,-52.2593,Abelardo Luz
agrolandia,SC,-27.4594,-49.8165,Agrolândia
agronomica,SC,-27.3016,-49.7227,Agronômica
agua doce,SC,-26.8121,-51.6269,Água Doce
aguas de chapeco,SC,-27.048,-52.9682,Águas De Chapecó
aguas frias,SC,-26.8573,-52.8521,Águas Frias
aguas mornas,SC,-27.7306,-48.9209,Águas Mornas
alfredo wagner,SC,-27.701,-49.3446,Alfredo Wagner
alto bela vista,SC,-27.4115,-51.9295,Alto Bela Vista
anchieta,SC,-26.5347,-53.362,Anchieta
angelina,SC,-27.5458,-49.0635,Angelina
anita garibaldi,SC,-27.717,-51.0958,Anita Garibaldi
anitapolis,SC,-27.8574,-49.1232,Anitápolis
antonio carlos,SC,-27.4861,-48.8158,Antônio Carlos
apiuna,SC,-27.1187,-49.3638,Apiúna
arabuta,SC,-27.1403,-52.178,Arabutã
araquari,SC,-26.4347,-48.7672,Araquari
ararangua,SC,-28.9344,-49.4778,Araranguá
armazem,SC,-28.2377,-49.0044,Armazém
arroio trinta,SC,-26.9199,-51.3508,Arroio Trinta
arvoredo,SC,-27.0541,-52.4491,Arvoredo
ascurra,SC,-26.9717,-49.3795,Ascurra
atalanta,SC,-27.4302,-49.7462,Atalanta
aurora,SC,-27.3167,-49.5933,Aurora
balneario arroio do silva,SC,-29.0027,-49.4498,Balneário Arroio Do Silva
balneario camboriu,SC,-26.9951,-48.6039,Balneário Camboriú
balneario barra do sul,SC,-26.4611,-48.5983,Balneário Barra Do Sul
balneario gaivota,SC,-29.1401,-49.6176,Balneário Gaivota
bandeirante,SC,-26.7629,-53.6663,Bandeirante
barra bonita,SC,-26.6798,-53.4104,Barra Bonita
barra velha,SC,-26.6648,-48.6976,Barra Velha
bela vista do toldo,SC,-26.4309,-50.4976,Bela Vista Do Toldo
belmonte,SC,-26.8535,-53.6419,Belmonte
benedito novo,SC,-26.7643,-49.4448,Benedito Novo
biguacu,SC,-27.4232,-48.6866,Biguaçu
blumenau,SC,-26.8675,-49.1068,Blumenau
bocaina do sul,SC,-27.7305,-49.907,Bocaina Do Sul
bombinhas,SC,-27.1808,-48.4713,Bombinhas
bom jardim da serra,SC,-28.3891,-49.6579,Bom Jardim Da Serra
bom jesus,SC,-26.7285,-52.39,Bom Jesus
bom jesus do oeste,SC,-26.6834,-53.0964,Bom Jesus Do Oeste
bom retiro,SC,-27.7674,-49.6213,Bom Retiro
botuvera,SC,-27.1946,-49.1027,Botuverá
braco do norte,SC,-28.2428,-49.1599,Braço Do Norte
braco do trombudo,SC,-27.3675,-49.9059,Braço Do Trombudo
brunopolis,SC,-27.3428,-50.8316,Brunópolis
brusque,SC,-27.1258,-48.9388,Brusque
cacador,SC,-26.7716,-51.1203,Caçador
caibi,SC,-27.0204,-53.2809,Caibi
calmon,SC,-26.6363,-51.013,Calmon
camboriu,SC,-27.0849,-48.7081,Camboriú
capao alto,SC,-28.0653,-50.6171,Capão Alto
campo alegre,SC,-26.0931,-49.1704,Campo Alegre
campo belo do sul,SC,-27.7957,-50.7536,Campo Belo Do Sul
campo ere,SC,-26.4543,-53.1508,Campo Erê
campos novos,SC,-27.3831,-51.2837,Campos Novos
canelinha,SC,-27.2308,-48.7972,Canelinha
canoinhas,SC,-26.2377,-50.5195,Canoinhas
capinzal,SC,-27.4116,-51.6353,Capinzal
capivari de baixo,SC,-28.452,-48.9419,Capivari De Baixo
catanduvas,SC,-27.035,-51.7146,Catanduvas
caxambu do sul,SC,-27.1503,-52.9261,Caxambu Do Sul
celso ramos,SC,-27.6377,-51.3387,Celso Ramos
cerro negro,SC,-27.7497,-50.9495,Cerro Negro
chapadao do lageado,SC,-27.5673,-49.5422,Chapadão Do Lageado
chapeco,SC,-27.1137,-52.6747,Chapecó
cocal do sul,SC,-28.591,-49.3304,Cocal Do Sul
concordia,SC,-27.2506,-52.0244,Concórdia
cordilheira alta,SC,-26.9706,-52.6356,Cordilheira Alta
coronel freitas,SC,-26.8721,-52.7355,Coronel Freitas
coronel martins,SC,-26.532,-52.6759,Coronel Martins
corupa,SC,-26.4156,-49.2915,Corupá
correia pinto,SC,-27.5696,-50.4061,Correia Pinto
criciuma,SC,-28.7252,-49.3856,Criciúma
cunha pora,SC,-26.873,-53.1871,Cunha Porã
cunhatai,SC,-26.97,-53.102,Cunhataí
curitibanos,SC,-27.2771,-50.6287,Curitibanos
descanso,SC,-26.8556,-53.4725,Descanso
dionisio cerqueira,SC,-26.3411,-53.569,Dionísio Cerqueira
dona emma,SC,-26.9778,-49.7888,Dona Emma
doutor pedrinho,SC,-26.6788,-49.5573,Doutor Pedrinho
entre rios,SC,-26.7279,-52.5965,Entre Rios
ermo,SC,-28.9813,-49.6511,Ermo
erval velho,SC,-27.3024,-51.4123,Erval Velho
faxinal dos guedes,SC,-26.8444,-52.2496,Faxinal Dos Guedes
flor do sertao,SC,-26.7562,-53.348,Flor Do Sertão
florianopolis,SC,-27.6127,-48.4309,Florianópolis
formosa do sul,SC,-26.6299,-52.8,Formosa Do Sul
forquilhinha,SC,-28.7734,-49.4945,Forquilhinha
fraiburgo,SC,-27.0536,-50.8506,Fraiburgo
frei rogerio,SC,-27.2094,-50.7621,Frei Rogério
galvao,SC,-26.4588,-52.6768,Galvão
garopaba,SC,-28.0643,-48.629,Garopaba
garuva,SC,-26.0436,-48.8885,Garuva
gaspar,SC,-26.9048,-48.9816,Gaspar
governador celso ramos,SC,-27.346,-48.5472,Governador Celso Ramos
grao-para,SC,-28.1378,-49.3077,Grão-Pará
gravatal,SC,-28.3426,-49.0363,Gravatal
guabiruba,SC,-27.1167,-49.0269,Guabiruba
guaraciaba,SC,-26.5684,-53.6144,Guaraciaba
guaramirim,SC,-26.482,-48.9495,Guaramirim
guaruja do sul,SC,-26.4058,-53.4645,Guarujá Do Sul
guatambu,SC,-27.1027,-52.7788,Guatambú
herval d'oeste,SC,-27.2,-51.4345,Herval D'oeste
ibiam,SC,-27.1911,-51.2365,Ibiam
ibicare,SC,-27.0836,-51.364,Ibicaré
ibirama,SC,-27.0396,-49.5331,Ibirama
icara,SC,-28.7498,-49.2751,Içara
ilhota,SC,-26.8727,-48.8467,Ilhota
imarui,SC,-28.1861,-48.8261,Imaruí
imbituba,SC,-28.2456,-48.6524,Imbituba
imbuia,SC,-27.5015,-49.4067,Imbuia
indaial,SC,-26.9786,-49.2363,Indaial
iomere,SC,-26.9789,-51.2647,Iomerê
ipira,SC,-27.3913,-51.8012,Ipira
ipora do oeste,SC,-26.9972,-53.5003,Iporã Do Oeste
ipuacu,SC,-26.6825,-52.4761,Ipuaçu
ipumirim,SC,-27.0458,-52.1245,Ipumirim
iraceminha,SC,-26.8507,-53.3347,Iraceminha
irani,SC,-27.0275,-51.9093,Irani
irati,SC,-26.6281,-52.89,Irati
irineopolis,SC,-26.328,-50.7862,Irineópolis
ita,SC,-27.2373,-52.3073,Itá
itaiopolis,SC,-26.478,-49.8791,Itaiópolis
itajai,SC,-26.9372,-48.7391,Itajaí
itapema,SC,-27.095,-48.6274,Itapema
itapiranga,SC,-27.1119,-53.7266,Itapiranga
itapoa,SC,-26.0479,-48.6324,Itapoá
ituporanga,SC,-27.4809,-49.5103,Ituporanga
jabora,SC,-27.1259,-51.7868,Jaborá
jacinto machado,SC,-29.0101,-49.8691,Jacinto Machado
jaguaruna,SC,-28.6432,-49.0583,Jaguaruna
jaragua do sul,SC,-26.4359,-49.1603,Jaraguá Do Sul
jardinopolis,SC,-26.7154,-52.882,Jardinópolis
joacaba,SC,-27.1481,-51.583,Joaçaba
joinville,SC,-26.2681,-48.9859,Joinville
jose boiteux,SC,-26.8612,-49.6683,José Boiteux
jupia,SC,-26.4064,-52.7326,Jupiá
lacerdopolis,SC,-27.2576,-51.5929,Lacerdópolis
lages,SC,-27.9724,-50.3782,Lages
laguna,SC,-28.4951,-48.7994,Laguna
lajeado grande,SC,-26.8464,-52.5626,Lajeado Grande
laurentino,SC,-27.205,-49.7299,Laurentino
lauro muller,SC,-28.3847,-49.4602,Lauro Müller
lebon regis,SC,-26.9192,-50.7015,Lebon Régis
leoberto leal,SC,-27.4881,-49.2557,Leoberto Leal
lindoia do sul,SC,-27.0364,-52.0523,Lindóia Do Sul
lontras,SC,-27.1588,-49.5151,Lontras
luiz alves,SC,-26.7191,-48.8878,Luiz Alves
luzerna,SC,-27.073,-51.497,Luzerna
macieira,SC,-26.7993,-51.3639,Macieira
mafra,SC,-26.1929,-49.8784,Mafra
major gercino,SC,-27.4167,-49.0291,Major Gercino
major vieira,SC,-26.5177,-50.3617,Major Vieira
maracaja,SC,-28.856,-49.4546,Maracajá
maravilha,SC,-26.7522,-53.1918,Maravilha
marema,SC,-26.7943,-52.6262,Marema
massaranduba,SC,-26.6101,-48.997,Massaranduba
matos costa,SC,-26.4888,-51.161,Matos Costa
meleiro,SC,-28.8347,-49.6121,Meleiro
mirim doce,SC,-27.1691,-50.1996,Mirim Doce
modelo,SC,-26.7644,-53.0474,Modelo
mondai,SC,-27.0967,-53.4415,Mondaí
monte carlo,SC,-27.208,-50.9005,Monte Carlo
monte castelo,SC,-26.6344,-50.292,Monte Castelo
morro da fumaca,SC,-28.6381,-49.2447,Morro Da Fumaça
morro grande,SC,-28.6985,-49.761,Morro Grande
navegantes,SC,-26.8432,-48.7033,Navegantes
nova erechim,SC,-26.9064,-52.8963,Nova Erechim
nova itaberaba,SC,-26.9471,-52.8535,Nova Itaberaba
nova trento,SC,-27.3081,-49.0339,Nova Trento
nova veneza,SC,-28.7034,-49.6106,Nova Veneza
novo horizonte,SC,-26.4967,-52.7975,Novo Horizonte
orleans,SC,-28.3004,-49.3542,Orleans
otacilio costa,SC,-27.5237,-49.9763,Otacílio Costa
ouro,SC,-27.3002,-51.6784,Ouro
ouro verde,SC,-26.7263,-52.2724,Ouro Verde
paial,SC,-27.2073,-52.4803,Paial
painel,SC,-27.999,-50.0607,Painel
palhoca,SC,-27.7475,-48.6604,Palhoça
palma sola,SC,-26.4027,-53.3338,Palma Sola
palmeira,SC,-27.5372,-50.1751,Palmeira
palmitos,SC,-27.0773,-53.1736,Palmitos
papanduva,SC,-26.4993,-50.1641,Papanduva
paraiso,SC,-26.6717,-53.696,Paraíso
passo de torres,SC,-29.2706,-49.7319,Passo De Torres
passos maia,SC,-26.6988,-51.9499,Passos Maia
paulo lopes,SC,-27.9389,-48.7246,Paulo Lopes
pedras grandes,SC,-28.4522,-49.1914,Pedras Grandes
penha,SC,-26.7814,-48.6379,Penha
peritiba,SC,-27.3466,-51.8736,Peritiba
pescaria brava,SC,-28.4035,-48.889,Pescaria Brava
petrolandia,SC,-27.5479,-49.6842,Petrolândia
balneario picarras,SC,-26.7541,-48.7408,Balneário Piçarras
pinhalzinho,SC,-26.8176,-52.9628,Pinhalzinho
pinheiro preto,SC,-27.0464,-51.2608,Pinheiro Preto
piratuba,SC,-27.4584,-51.7956,Piratuba
planalto alegre,SC,-27.0285,-52.8777,Planalto Alegre
pomerode,SC,-26.7235,-49.1799,Pomerode
ponte alta,SC,-27.4402,-50.3116,Ponte Alta
ponte alta do norte,SC,-27.1937,-50.4209,Ponte Alta Do Norte
ponte serrada,SC,-26.8548,-51.8912,Ponte Serrada
porto belo,SC,-27.1587,-48.5818,Porto Belo
porto uniao,SC,-26.3716,-50.9883,Porto União
pouso redondo,SC,-27.2991,-49.98,Pouso Redondo
praia grande,SC,-29.2031,-50.0452,Praia Grande
presidente castello branco,SC,-27.2382,-51.7937,Presidente Castello Branco
presidente getulio,SC,-27.0391,-49.6984,Presidente Getúlio
presidente nereu,SC,-27.2537,-49.3261,Presidente Nereu
princesa,SC,-26.4259,-53.629,Princesa
quilombo,SC,-26.7344,-52.6835,Quilombo
rancho queimado,SC,-27.6723,-49.0953,Rancho Queimado
rio das antas,SC,-26.8871,-51.0436,Rio Das Antas
rio do campo,SC,-26.8829,-50.1093,Rio Do Campo
rio do oeste,SC,-27.1529,-49.8568,Rio Do Oeste
rio dos cedros,SC,-26.619,-49.3737,Rio Dos Cedros
rio do sul,SC,-27.1837,-49.6261,Rio Do Sul
rio fortuna,SC,-28.0865,-49.1997,Rio Fortuna
rio negrinho,SC,-26.3854,-49.5856,Rio Negrinho
rio rufino,SC,-27.8884,-49.7541,Rio Rufino
riqueza,SC,-26.98,-53.3461,Riqueza
rodeio,SC,-26.8922,-49.3334,Rodeio
romelandia,SC,-26.6727,-53.3167,Romelândia
salete,SC,-26.9524,-49.9925,Salete
saltinho,SC,-26.5784,-53.024,Saltinho
salto veloso,SC,-26.8887,-51.4459,Salto Veloso
sangao,SC,-28.6489,-49.1109,Sangão
santa cecilia,SC,-26.9272,-50.4773,Santa Cecília
santa helena,SC,-26.9175,-53.6384,Santa Helena
santa rosa de lima,SC,-28.0095,-49.1685,Santa Rosa De Lima
santa rosa do sul,SC,-29.1063,-49.739,Santa Rosa Do Sul
santa terezinha,SC,-26.6596,-50.0282,Santa Terezinha
santa terezinha do progresso,SC,-26.5816,-53.1741,Santa Terezinha Do Progresso
santiago do sul,SC,-26.6283,-52.6956,Santiago Do Sul
santo amaro da imperatriz,SC,-27.7433,-48.8044,Santo Amaro Da Imperatriz
sao bernardino,SC,-26.4926,-52.9874,São Bernardino
sao bento do sul,SC,-26.3065,-49.3816,São Bento Do Sul
sao bonifacio,SC,-27.9516,-48.9344,São Bonifácio
sao carlos,SC,-27.0462,-53.029,São Carlos
sao cristovao do sul,SC,-27.2636,-50.3625,São Cristóvão Do Sul
sao domingos,SC,-26.5803,-52.5558,São Domingos
sao francisco do sul,SC,-26.2436,-48.5352,São Francisco Do Sul
sao joao do oeste,SC,-27.0883,-53.5954,São João Do Oeste
sao joao batista,SC,-27.3113,-48.8624,São João Batista
sao joao do itaperiu,SC,-26.5871,-48.8076,São João Do Itaperiú
sao joao do sul,SC,-29.2004,-49.8328,São João Do Sul
sao joaquim,SC,-28.3126,-50.0407,São Joaquim
sao jose,SC,-27.5802,-48.642,São José
sao jose do cedro,SC,-26.4837,-53.5431,São José Do Cedro
sao jose do cerrito,SC,-27.5821,-50.6889,São José Do Cerrito
sao lourenco do oeste,SC,-26.4703,-52.8545,São Lourenço Do Oeste
sao ludgero,SC,-28.3501,-49.1702,São Ludgero
sao martinho,SC,-28.1021,-48.9674,São Martinho
sao miguel da boa vista,SC,-26.6828,-53.2571,São Miguel Da Boa Vista
sao miguel do oeste,SC,-26.7446,-53.5207,São Miguel Do Oeste
sao pedro de alcantara,SC,-27.5738,-48.8273,São Pedro De Alcântara
saudades,SC,-26.8746,-53.0554,Saudades
schroeder,SC,-26.3599,-49.0516,Schroeder
seara,SC,-27.1308,-52.3465,Seara
serra alta,SC,-26.7029,-53.0239,Serra Alta
sideropolis,SC,-28.5661,-49.5176,Siderópolis
sombrio,SC,-29.0677,-49.6679,Sombrio
sul brasil,SC,-26.6924,-52.9335,Sul Brasil
taio,SC,-27.085,-50.1081,Taió
tangara,SC,-27.1288,-51.1342,Tangará
tigrinhos,SC,-26.6765,-53.1686,Tigrinhos
tijucas,SC,-27.2405,-48.7102,Tijucas
timbe do sul,SC,-28.7986,-49.8998,Timbé Do Sul
timbo,SC,-26.7932,-49.2591,Timbó
timbo grande,SC,-26.6333,-50.6454,Timbó Grande
tres barras,SC,-26.1529,-50.2701,Três Barras
treviso,SC,-28.496,-49.5056,Treviso
treze de maio,SC,-28.5432,-49.1433,Treze De Maio
treze tilias,SC,-26.9569,-51.4389,Treze Tílias
trombudo central,SC,-27.3178,-49.8255,Trombudo Central
tubarao,SC,-28.4753,-49.0438,Tubarão
tunapolis,SC,-26.9904,-53.666,Tunápolis
turvo,SC,-28.9082,-49.6751,Turvo
uniao do oeste,SC,-26.7972,-52.8799,União Do Oeste
urubici,SC,-28.051,-49.5532,Urubici
urupema,SC,-28.0426,-49.9349,Urupema
urussanga,SC,-28.482,-49.3274,Urussanga
vargeao,SC,-26.7844,-52.1272,Vargeão
vargem,SC,-27.4744,-50.9352,Vargem
vargem bonita,SC,-26.9386,-51.7371,Vargem Bonita
vidal ramos,SC,-27.4027,-49.3502,Vidal Ramos
videira,SC,-27.0016,-51.1398,Videira
vitor meireles,SC,-26.8159,-49.8334,Vitor Meireles
witmarsum,SC,-26.9542,-49.8431,Witmarsum
xanxere,SC,-26.8478,-52.4384,Xanxerê
xavantina,SC,-26.9847,-52.3158,Xavantina
xaxim,SC,-26.973,-52.5208,Xaxim
zortea,SC,-27.4716,-51.5337,Zortéa
balneario rincao,SC,-28.8116,-49.246,Balneário Rincão
acegua,RS,-31.6695,-54.0747,Aceguá
agua santa,RS,-28.1991,-52.0384,Água Santa
agudo,RS,-29.63,-53.2433,Agudo
ajuricaba,RS,-28.2266,-53.7305,Ajuricaba
alecrim,RS,-27.6431,-54.7567,Alecrim
alegrete,RS,-29.6996,-55.8632,Alegrete
alegria,RS,-27.7924,-54.059,Alegria
almirante tamandare do sul,RS,-28.1136,-52.9377,Almirante Tamandaré Do Sul
alpestre,RS,-27.2044,-53.0339,Alpestre
alto alegre,RS,-28.7946,-52.9734,Alto Alegre
alto feliz,RS,-29.3592,-51.2833,Alto Feliz
alvorada,RS,-30.0055,-51.0387,Alvorada
amaral ferrador,RS,-30.8002,-52.2816,Amaral Ferrador
ametista do sul,RS,-27.3594,-53.2044,Ametista Do Sul
andre da rocha,RS,-28.5789,-51.4878,André Da Rocha
anta gorda,RS,-28.9556,-51.9651,Anta Gorda
antonio prado,RS,-28.873,-51.3415,Antônio Prado
arambare,RS,-30.9323,-51.5706,Arambaré
ararica,RS,-29.643,-50.9349,Araricá
aratiba,RS,-27.3711,-52.3142,Aratiba
arroio do meio,RS,-29.3549,-51.9761,Arroio Do Meio
arroio do sal,RS,-29.4912,-49.8754,Arroio Do Sal
arroio do padre,RS,-31.4346,-52.3901,Arroio Do Padre
arroio dos ratos,RS,-30.1656,-51.7272,Arroio Dos Ratos
arroio do tigre,RS,-29.2582,-53.0626,Arroio Do Tigre
arroio grande,RS,-32.2063,-52.8284,Arroio Grande
arvorezinha,RS,-28.86,-52.1964,Arvorezinha
augusto pestana,RS,-28.5252,-54.0143,Augusto Pestana
aurea,RS,-27.6944,-52.0543,Áurea
bage,RS,-31.1673,-53.8963,Bagé
balneario pinhal,RS,-30.2164,-50.2893,Balneário Pinhal
barao,RS,-29.3892,-51.52,Barão
barao de cotegipe,RS,-27.564,-52.4437,Barão De Cotegipe
barao do triunfo,RS,-30.3954,-51.7921,Barão Do Triunfo
barracao,RS,-27.7302,-51.4322,Barracão
barra do guarita,RS,-27.1988,-53.7661,Barra Do Guarita
barra do quarai,RS,-30.1868,-57.3605,Barra Do Quaraí
barra do ribeiro,RS,-30.352,-51.3241,Barra Do Ribeiro
barra do rio azul,RS,-27.4081,-52.4066,Barra Do Rio Azul
barra funda,RS,-27.916,-53.0424,Barra Funda
barros cassal,RS,-29.1351,-52.6043,Barros Cassal
benjamin constant do sul,RS,-27.4769,-52.6707,Benjamin Constant Do Sul
bento goncalves,RS,-29.0961,-51.5817,Bento Gonçalves
boa vista das missoes,RS,-27.6987,-53.3261,Boa Vista Das Missões
boa vista do burica,RS,-27.6769,-54.1254,Boa Vista Do Buricá
boa vista do cadeado,RS,-28.6497,-53.8423,Boa Vista Do Cadeado
boa vista do incra,RS,-28.8767,-53.4654,Boa Vista Do Incra
boa vista do sul,RS,-29.35,-51.6753,Boa Vista Do Sul
bom jesus,RS,-28.5689,-50.4681,Bom Jesus
bom principio,RS,-29.475,-51.361,Bom Princípio
bom progresso,RS,-27.5415,-53.8302,Bom Progresso
bom retiro do sul,RS,-29.6264,-51.9153,Bom Retiro Do Sul
boqueirao do leao,RS,-29.3096,-52.3975,Boqueirão Do Leão
bossoroca,RS,-28.6556,-54.9812,Bossoroca
bozano,RS,-28.3265,-53.7477,Bozano
braga,RS,-27.5698,-53.7606,Braga
brochier,RS,-29.5335,-51.6275,Brochier
butia,RS,-30.1435,-51.9909,Butiá
cacapava do sul,RS,-30.6383,-53.467,Caçapava Do Sul
cacequi,RS,-29.9207,-54.8722,Cacequi
cachoeira do sul,RS,-30.2262,-52.9595,Cachoeira Do Sul
cachoeirinha,RS,-29.9088,-51.1048,Cachoeirinha
cacique doble,RS,-27.811,-51.6893,Cacique Doble
caibate,RS,-28.3262,-54.658,Caibaté
caicara,RS,-27.2335,-53.4708,Caiçara
camaqua,RS,-30.9247,-51.8288,Camaquã
camargo,RS,-28.6052,-52.2198,Camargo
cambara do sul,RS,-29.082,-50.1143,Cambará Do Sul
campestre da serra,RS,-28.7099,-51.1097,Campestre Da Serra
campina das missoes,RS,-27.9679,-54.8425,Campina Das Missões
campinas do sul,RS,-27.7292,-52.6702,Campinas Do Sul
campo bom,RS,-29.6586,-51.0453,Campo Bom
campo novo,RS,-27.6631,-53.8054,Campo Novo
campos borges,RS,-28.9128,-53.0745,Campos Borges
candelaria,RS,-29.6915,-52.7776,Candelária
candido godoi,RS,-27.9111,-54.7533,Cândido Godói
candiota,RS,-31.6009,-53.753,Candiota
canela,RS,-29.3409,-50.7707,Canela
cangucu,RS,-31.168,-52.6606,Canguçu
canoas,RS,-29.9077,-51.1801,Canoas
canudos do vale,RS,-29.3173,-52.2485,Canudos Do Vale
capao bonito do sul,RS,-28.1813,-51.4079,Capão Bonito Do Sul
capao da canoa,RS,-29.667,-50.0077,Capão Da Canoa
capao do cipo,RS,-28.9046,-54.607,Capão Do Cipó
capao do leao,RS,-31.8453,-52.5187,Capão Do Leão
capivari do sul,RS,-30.1556,-50.4989,Capivari Do Sul
capela de santana,RS,-29.7035,-51.3699,Capela De Santana
capitao,RS,-29.289,-51.9829,Capitão
carazinho,RS,-28.2625,-52.8587,Carazinho
caraa,RS,-29.7591,-50.3339,Caraá
carlos barbosa,RS,-29.3075,-51.5062,Carlos Barbosa
carlos gomes,RS,-27.711,-51.9188,Carlos Gomes
casca,RS,-28.5937,-51.9272,Casca
caseiros,RS,-28.2298,-51.7465,Caseiros
catuipe,RS,-28.2056,-54.0633,Catuípe
caxias do sul,RS,-29.0732,-51.0027,Caxias Do Sul
centenario,RS,-27.7764,-51.9897,Centenário
cerrito,RS,-31.736,-52.807,Cerrito
cerro branco,RS,-29.6166,-53.0144,Cerro Branco
cerro grande,RS,-27.6171,-53.1549,Cerro Grande
cerro grande do sul,RS,-30.5909,-51.7661,Cerro Grande Do Sul
cerro largo,RS,-28.151,-54.7247,Cerro Largo
chapada,RS,-28.0782,-53.096,Chapada
charqueadas,RS,-29.9885,-51.5564,Charqueadas
charrua,RS,-27.9397,-51.9934,Charrua
chiapetta,RS,-27.984,-53.9171,Chiapetta
chui,RS,-33.6353,-53.4141,Chuí
chuvisca,RS,-30.767,-51.9986,Chuvisca
cidreira,RS,-30.1036,-50.2551,Cidreira
ciriaco,RS,-28.3635,-51.9247,Ciríaco
colinas,RS,-29.3853,-51.8641,Colinas
colorado,RS,-28.4788,-52.9756,Colorado
condor,RS,-28.1786,-53.5041,Condor
constantina,RS,-27.674,-52.9837,Constantina
coqueiro baixo,RS,-29.1622,-52.1267,Coqueiro Baixo
coqueiros do sul,RS,-28.1136,-52.7968,Coqueiros Do Sul
coronel barros,RS,-28.3899,-54.0511,Coronel Barros
coronel bicaco,RS,-27.7851,-53.6691,Coronel Bicaco
coronel pilar,RS,-29.2633,-51.7227,Coronel Pilar
cotipora,RS,-29.0176,-51.6987,Cotiporã
coxilha,RS,-28.1,-52.3454,Coxilha
crissiumal,RS,-27.4623,-54.1625,Crissiumal
cristal,RS,-31.0297,-52.0197,Cristal
cristal do sul,RS,-27.414,-53.2427,Cristal Do Sul
cruz alta,RS,-28.702,-53.5568,Cruz Alta
cruzaltense,RS,-27.625,-52.6421,Cruzaltense
cruzeiro do sul,RS,-29.5549,-52.0364,Cruzeiro Do Sul
david canabarro,RS,-28.4127,-51.7908,David Canabarro
derrubadas,RS,-27.2464,-53.9099,Derrubadas
dezesseis de novembro,RS,-28.1654,-55.0865,Dezesseis De Novembro
dilermando de aguiar,RS,-29.8147,-54.1412,Dilermando De Aguiar
dois irmaos,RS,-29.592,-51.0816,Dois Irmãos
dois irmaos das missoes,RS,-27.6739,-53.5024,Dois Irmãos Das Missões
dois lajeados,RS,-28.9714,-51.8508,Dois Lajeados
dom feliciano,RS,-30.6035,-52.2413,Dom Feliciano
dom pedro de alcantara,RS,-29.359,-49.8557,Dom Pedro De Alcântara
dom pedrito,RS,-31.0015,-54.5333,Dom Pedrito
dona francisca,RS,-29.565,-53.3428,Dona Francisca
doutor mauricio cardoso,RS,-27.4897,-54.3508,Doutor Maurício Cardoso
doutor ricardo,RS,-29.0855,-51.9871,Doutor Ricardo
eldorado do sul,RS,-30.0623,-51.4404,Eldorado Do Sul
encantado,RS,-29.2055,-51.9341,Encantado
encruzilhada do sul,RS,-30.6011,-52.6816,Encruzilhada Do Sul
engenho velho,RS,-27.6774,-52.9085,Engenho Velho
entre-ijuis,RS,-28.4495,-54.2979,Entre-Ijuís
entre rios do sul,RS,-27.5004,-52.7272,Entre Rios Do Sul
erebango,RS,-27.8224,-52.3192,Erebango
erechim,RS,-27.6365,-52.2536,Erechim
ernestina,RS,-28.4081,-52.5678,Ernestina
herval,RS,-32.0065,-53.4316,Herval
erval grande,RS,-27.3589,-52.5669,Erval Grande
erval seco,RS,-27.4771,-53.5528,Erval Seco
esmeralda,RS,-28.014,-51.1868,Esmeralda
esperanca do sul,RS,-27.3042,-53.9998,Esperança Do Sul
espumoso,RS,-28.8286,-52.8647,Espumoso
estacao,RS,-27.9238,-52.2997,Estação
estancia velha,RS,-29.6512,-51.1921,Estância Velha
esteio,RS,-29.8508,-51.188,Esteio
estrela,RS,-29.5103,-51.9328,Estrela
estrela velha,RS,-29.241,-53.1781,Estrela Velha
eugenio de castro,RS,-28.5596,-54.2575,Eugênio De Castro
fagundes varela,RS,-28.8888,-51.705,Fagundes Varela
farroupilha,RS,-29.191,-51.3728,Farroupilha
faxinal do soturno,RS,-29.5465,-53.4736,Faxinal Do Soturno
faxinalzinho,RS,-27.3756,-52.681,Faxinalzinho
fazenda vilanova,RS,-29.5855,-51.8298,Fazenda Vilanova
feliz,RS,-29.4487,-51.2717,Feliz
flores da cunha,RS,-29.0293,-51.264,Flores Da Cunha
floriano peixoto,RS,-27.855,-52.0457,Floriano Peixoto
fontoura xavier,RS,-29.0028,-52.3467,Fontoura Xavier
formigueiro,RS,-29.9758,-53.4668,Formigueiro
forquetinha,RS,-29.385,-52.1355,Forquetinha
fortaleza dos valos,RS,-28.9215,-53.2852,Fortaleza Dos Valos
frederico westphalen,RS,-27.3138,-53.3363,Frederico Westphalen
garibaldi,RS,-29.2476,-51.5796,Garibaldi
garruchos,RS,-28.241,-55.5198,Garruchos
gaurama,RS,-27.589,-52.1113,Gaurama
general camara,RS,-29.863,-51.937,General Câmara
gentil,RS,-28.3625,-52.0511,Gentil
getulio vargas,RS,-27.8716,-52.1643,Getúlio Vargas
girua,RS,-27.9507,-54.3392,Giruá
glorinha,RS,-29.8681,-50.7511,Glorinha
gramado,RS,-29.3691,-50.9055,Gramado
gramado dos loureiros,RS,-27.4487,-52.8958,Gramado Dos Loureiros
gramado xavier,RS,-29.2681,-52.6146,Gramado Xavier
gravatai,RS,-29.8819,-50.914,Gravataí
guabiju,RS,-28.5773,-51.6305,Guabiju
guaiba,RS,-30.1713,-51.4173,Guaíba
guapore,RS,-28.8721,-51.891,Guaporé
guarani das missoes,RS,-28.1458,-54.6158,Guarani Das Missões
harmonia,RS,-29.5569,-51.4175,Harmonia
herveiras,RS,-29.4407,-52.6757,Herveiras
horizontina,RS,-27.5666,-54.308,Horizontina
hulha negra,RS,-31.4669,-53.8907,Hulha Negra
humaita,RS,-27.5832,-53.9959,Humaitá
ibarama,RS,-29.4017,-53.1741,Ibarama
ibiaca,RS,-28.0927,-51.7806,Ibiaçá
ibiraiaras,RS,-28.3744,-51.6332,Ibiraiaras
ibirapuita,RS,-28.6021,-52.4663,Ibirapuitã
ibiruba,RS,-28.5738,-53.1793,Ibirubá
igrejinha,RS,-29.5638,-50.8127,Igrejinha
ijui,RS,-28.3142,-53.9137,Ijuí
ilopolis,RS,-28.9291,-52.1347,Ilópolis
imbe,RS,-29.9305,-50.1208,Imbé
imigrante,RS,-29.3398,-51.7576,Imigrante
independencia,RS,-27.8863,-54.2005,Independência
inhacora,RS,-27.91,-54.0394,Inhacorá
ipe,RS,-28.7108,-51.3118,Ipê
ipiranga do sul,RS,-27.9211,-52.4149,Ipiranga Do Sul
irai,RS,-27.2602,-53.2583,Iraí
itaara,RS,-29.5464,-53.7444,Itaara
itacurubi,RS,-28.7747,-55.2689,Itacurubi
itapuca,RS,-28.7612,-52.2191,Itapuca
itaqui,RS,-29.228,-56.1208,Itaqui
itati,RS,-29.4067,-50.1842,Itati
itatiba do sul,RS,-27.3477,-52.484,Itatiba Do Sul
ivora,RS,-29.4962,-53.574,Ivorá
ivoti,RS,-29.5692,-51.1598,Ivoti
jaboticaba,RS,-27.6054,-53.2715,Jaboticaba
jacuizinho,RS,-29.0253,-53.0233,Jacuizinho
jacutinga,RS,-27.7787,-52.558,Jacutinga
jaguarao,RS,-32.4137,-53.3218,Jaguarão
jaguari,RS,-29.4575,-54.6415,Jaguari
jaquirana,RS,-28.8996,-50.3796,Jaquirana
jari,RS,-29.2857,-54.329,Jari
joia,RS,-28.7089,-54.1286,Jóia
julio de castilhos,RS,-29.2663,-53.6481,Júlio De Castilhos
lagoa bonita do sul,RS,-29.5058,-53.0312,Lagoa Bonita Do Sul
lagoao,RS,-29.2414,-52.7558,Lagoão
lagoa dos tres cantos,RS,-28.5494,-52.8274,Lagoa Dos Três Cantos
lagoa vermelha,RS,-28.2194,-51.4732,Lagoa Vermelha
lajeado,RS,-29.4406,-52.0038,Lajeado
lajeado do bugre,RS,-27.6985,-53.2083,Lajeado Do Bugre
lavras do sul,RS,-30.7667,-54.1322,Lavras Do Sul
liberato salzano,RS,-27.5434,-53.0776,Liberato Salzano
lindolfo collor,RS,-29.5763,-51.2235,Lindolfo Collor
linha nova,RS,-29.456,-51.219,Linha Nova
machadinho,RS,-27.5699,-51.7,Machadinho
macambara,RS,-29.0663,-55.6183,Maçambará
mampituba,RS,-29.2573,-49.9879,Mampituba
manoel viana,RS,-29.4392,-55.5917,Manoel Viana
maquine,RS,-29.5971,-50.236,Maquiné
marata,RS,-29.5442,-51.5397,Maratá
marau,RS,-28.4622,-52.2553,Marau
marcelino ramos,RS,-27.4684,-51.9407,Marcelino Ramos
mariana pimentel,RS,-30.3038,-51.5825,Mariana Pimentel
mariano moro,RS,-27.3513,-52.1796,Mariano Moro
marques de souza,RS,-29.2771,-52.1564,Marques De Souza
mata,RS,-29.5399,-54.4578,Mata
mato castelhano,RS,-28.2641,-52.1673,Mato Castelhano
mato leitao,RS,-29.518,-52.1368,Mato Leitão
mato queimado,RS,-28.2367,-54.6675,Mato Queimado
maximiliano de almeida,RS,-27.5808,-51.8119,Maximiliano De Almeida
minas do leao,RS,-30.0567,-52.0681,Minas Do Leão
miraguai,RS,-27.4902,-53.7717,Miraguaí
montauri,RS,-28.6608,-52.0545,Montauri
monte alegre dos campos,RS,-28.7211,-50.8188,Monte Alegre Dos Campos
monte belo do sul,RS,-29.1468,-51.653,Monte Belo Do Sul
montenegro,RS,-29.7055,-51.4917,Montenegro
mormaco,RS,-28.6783,-52.6758,Mormaço
morrinhos do sul,RS,-29.3539,-49.9764,Morrinhos Do Sul
morro redondo,RS,-31.6327,-52.6251,Morro Redondo
morro reuter,RS,-29.5144,-51.0394,Morro Reuter
mostardas,RS,-30.9593,-50.9139,Mostardas
mucum,RS,-29.1293,-51.8183,Muçum
muitos capoes,RS,-28.4385,-51.267,Muitos Capões
muliterno,RS,-28.3085,-51.785,Muliterno
nao-me-toque,RS,-28.4885,-52.8024,Não-Me-Toque
nicolau vergueiro,RS,-28.5173,-52.4521,Nicolau Vergueiro
nonoai,RS,-27.3698,-52.8595,Nonoai
nova alvorada,RS,-28.6988,-52.159,Nova Alvorada
nova araca,RS,-28.6475,-51.7705,Nova Araçá
nova bassano,RS,-28.7287,-51.7852,Nova Bassano
nova boa vista,RS,-27.9964,-52.9783,Nova Boa Vista
nova brescia,RS,-29.2222,-52.0228,Nova Bréscia
nova candelaria,RS,-27.5854,-54.1215,Nova Candelária
nova esperanca do sul,RS,-29.38,-54.8244,Nova Esperança Do Sul
nova hartz,RS,-29.5916,-50.9078,Nova Hartz
nova padua,RS,-29.0019,-51.3073,Nova Pádua
nova palma,RS,-29.4299,-53.3891,Nova Palma
nova petropolis,RS,-29.3646,-51.0842,Nova Petrópolis
nova prata,RS,-28.7392,-51.591,Nova Prata
nova ramada,RS,-28.0845,-53.7111,Nova Ramada
nova roma do sul,RS,-28.9808,-51.4211,Nova Roma Do Sul
nova santa rita,RS,-29.8344,-51.2924,Nova Santa Rita
novo cabrais,RS,-29.7575,-52.998,Novo Cabrais
novo hamburgo,RS,-29.7101,-51.0979,Novo Hamburgo
novo machado,RS,-27.5488,-54.5402,Novo Machado
novo tiradentes,RS,-27.5573,-53.1582,Novo Tiradentes
novo xingu,RS,-27.7436,-53.0641,Novo Xingu
novo barreiro,RS,-27.8888,-53.1078,Novo Barreiro
osorio,RS,-29.8873,-50.223,Osório
paim filho,RS,-27.7241,-51.771,Paim Filho
palmares do sul,RS,-30.3328,-50.5082,Palmares Do Sul
palmeira das missoes,RS,-27.9357,-53.3625,Palmeira Das Missões
palmitinho,RS,-27.3279,-53.6117,Palmitinho
panambi,RS,-28.3199,-53.5539,Panambi
pantano grande,RS,-30.2299,-52.3746,Pantano Grande
parai,RS,-28.5897,-51.8095,Paraí
paraiso do sul,RS,-29.6843,-53.1242,Paraíso Do Sul
pareci novo,RS,-29.6026,-51.422,Pareci Novo
parobe,RS,-29.6601,-50.8619,Parobé
passa sete,RS,-29.4096,-52.8801,Passa Sete
passo do sobrado,RS,-29.7394,-52.2464,Passo Do Sobrado
passo fundo,RS,-28.2885,-52.4349,Passo Fundo
paulo bento,RS,-27.7126,-52.4016,Paulo Bento
paverama,RS,-29.5748,-51.7241,Paverama
pedras altas,RS,-31.8556,-53.7065,Pedras Altas
pedro osorio,RS,-31.9639,-52.8941,Pedro Osório
pejucara,RS,-28.4446,-53.5815,Pejuçara
pelotas,RS,-31.5308,-52.3362,Pelotas
picada cafe,RS,-29.4528,-51.0947,Picada Café
pinhal,RS,-27.5226,-53.2285,Pinhal
pinhal da serra,RS,-27.8269,-51.2431,Pinhal Da Serra
pinhal grande,RS,-29.265,-53.3302,Pinhal Grande
pinheirinho do vale,RS,-27.2144,-53.6539,Pinheirinho Do Vale
pinheiro machado,RS,-31.3189,-53.4162,Pinheiro Machado
pinto bandeira,RS,-29.0818,-51.4625,Pinto Bandeira
pirapo,RS,-28.0536,-55.2307,Pirapó
piratini,RS,-31.3908,-53.0697,Piratini
planalto,RS,-27.35,-53.0911,Planalto
poco das antas,RS,-29.4338,-51.6291,Poço Das Antas
pontao,RS,-28.0364,-52.62,Pontão
ponte preta,RS,-27.6635,-52.5094,Ponte Preta
portao,RS,-29.6941,-51.243,Portão
porto alegre,RS,-30.142,-51.189,Porto Alegre
porto lucena,RS,-27.8476,-54.9636,Porto Lucena
porto maua,RS,-27.5865,-54.6567,Porto Mauá
porto vera cruz,RS,-27.7638,-54.906,Porto Vera Cruz
porto xavier,RS,-27.9377,-55.1258,Porto Xavier
pouso novo,RS,-29.1647,-52.2155,Pouso Novo
presidente lucena,RS,-29.5217,-51.1681,Presidente Lucena
progresso,RS,-29.2183,-52.3032,Progresso
protasio alves,RS,-28.7499,-51.4959,Protásio Alves
putinga,RS,-29.0319,-52.1799,Putinga
quarai,RS,-30.296,-56.1709,Quaraí
quatro irmaos,RS,-27.852,-52.4867,Quatro Irmãos
quevedos,RS,-29.36,-54.0788,Quevedos
quinze de novembro,RS,-28.757,-53.1322,Quinze De Novembro
redentora,RS,-27.5386,-53.6082,Redentora
relvado,RS,-29.1237,-52.0674,Relvado
restinga seca,RS,-29.8113,-53.3146,Restinga Sêca
rio dos indios,RS,-27.2401,-52.8909,Rio Dos Índios
rio grande,RS,-32.0344,-52.253,Rio Grande
rio pardo,RS,-30.0617,-52.4394,Rio Pardo
riozinho,RS,-29.6008,-50.3786,Riozinho
roca sales,RS,-29.2423,-51.8419,Roca Sales
rodeio bonito,RS,-27.4612,-53.1649,Rodeio Bonito
rolador,RS,-28.2496,-54.8425,Rolador
rolante,RS,-29.636,-50.5241,Rolante
ronda alta,RS,-27.828,-52.7349,Ronda Alta
rondinha,RS,-27.8238,-52.9021,Rondinha
roque gonzales,RS,-28.0519,-55.1389,Roque Gonzales
rosario do sul,RS,-30.3276,-55.1207,Rosário Do Sul
sagrada familia,RS,-27.7056,-53.1201,Sagrada Família
saldanha marinho,RS,-28.3849,-53.105,Saldanha Marinho
salto do jacui,RS,-29.0714,-53.2476,Salto Do Jacuí
salvador das missoes,RS,-28.062,-54.8353,Salvador Das Missões
salvador do sul,RS,-29.4681,-51.5296,Salvador Do Sul
sananduva,RS,-27.9347,-51.8144,Sananduva
santa barbara do sul,RS,-28.3975,-53.2594,Santa Bárbara Do Sul
santa cecilia do sul,RS,-28.1874,-51.9142,Santa Cecília Do Sul
santa clara do sul,RS,-29.4499,-52.1408,Santa Clara Do Sul
santa cruz do sul,RS,-29.6388,-52.4234,Santa Cruz Do Sul
santa maria,RS,-29.749,-53.818,Santa Maria
santa maria do herval,RS,-29.4757,-50.9916,Santa Maria Do Herval
santa margarida do sul,RS,-30.3986,-54.0878,Santa Margarida Do Sul
santana da boa vista,RS,-30.7879,-53.1977,Santana Da Boa Vista
sant'ana do livramento,RS,-30.7556,-55.5604,Sant'ana Do Livramento
santa rosa,RS,-27.8162,-54.4601,Santa Rosa
santa tereza,RS,-29.1563,-51.7077,Santa Tereza
santa vitoria do palmar,RS,-33.2124,-53.1774,Santa Vitória Do Palmar
santiago,RS,-29.1331,-54.7338,Santiago
santo angelo,RS,-28.2805,-54.3518,Santo Ângelo
santo antonio do palma,RS,-28.4941,-52.0064,Santo Antônio Do Palma
santo antonio da patrulha,RS,-29.8179,-50.5787,Santo Antônio Da Patrulha
santo antonio das missoes,RS,-28.4687,-55.4185,Santo Antônio Das Missões
santo antonio do planalto,RS,-28.3614,-52.6639,Santo Antônio Do Planalto
santo augusto,RS,-27.88,-53.7303,Santo Augusto
santo cristo,RS,-27.782,-54.7082,Santo Cristo
santo expedito do sul,RS,-27.9168,-51.6797,Santo Expedito Do Sul
sao borja,RS,-28.7424,-55.7407,São Borja
sao domingos do sul,RS,-28.538,-51.8789,São Domingos Do Sul
sao francisco de assis,RS,-29.4328,-55.178,São Francisco De Assis
sao francisco de paula,RS,-29.2356,-50.4601,São Francisco De Paula
sao gabriel,RS,-30.3382,-54.3793,São Gabriel
sao jeronimo,RS,-30.2481,-51.8854,São Jerônimo
sao joao da urtiga,RS,-27.7869,-51.8306,São João Da Urtiga
sao joao do polesine,RS,-29.6307,-53.4644,São João Do Polêsine
sao jorge,RS,-28.4973,-51.7421,São Jorge
sao jose das missoes,RS,-27.8006,-53.116,São José Das Missões
sao jose do herval,RS,-29.057,-52.2591,São José Do Herval
sao jose do hortencio,RS,-29.5263,-51.2395,São José Do Hortêncio
sao jose do inhacora,RS,-27.7306,-54.1317,São José Do Inhacorá
sao jose do norte,RS,-31.7891,-51.7796,São José Do Norte
sao jose do ouro,RS,-27.7708,-51.5539,São José Do Ouro
sao jose do sul,RS,-29.5272,-51.4893,São José Do Sul
sao jose dos ausentes,RS,-28.6459,-49.937,São José Dos Ausentes
sao leopoldo,RS,-29.7276,-51.1538,São Leopoldo
sao lourenco do sul,RS,-31.2152,-52.0619,São Lourenço Do Sul
sao luiz gonzaga,RS,-28.4188,-54.8798,São Luiz Gonzaga
sao marcos,RS,-28.9633,-51.0645,São Marcos
sao martinho,RS,-27.7291,-53.9878,São Martinho
sao martinho da serra,RS,-29.4495,-53.9179,São Martinho Da Serra
sao miguel das missoes,RS,-28.6941,-54.5281,São Miguel Das Missões
sao nicolau,RS,-28.1972,-55.2854,São Nicolau
sao paulo das missoes,RS,-27.9692,-54.9648,São Paulo Das Missões
sao pedro da serra,RS,-29.4152,-51.5215,São Pedro Da Serra
sao pedro das missoes,RS,-27.7585,-53.2388,São Pedro Das Missões
sao pedro do butia,RS,-28.144,-54.8981,São Pedro Do Butiá
sao pedro do sul,RS,-29.6007,-54.2819,São Pedro Do Sul
sao sebastiao do cai,RS,-29.5868,-51.3395,São Sebastião Do Caí
sao sepe,RS,-30.1781,-53.6003,São Sepé
sao valentim,RS,-27.5339,-52.5801,São Valentim
sao valentim do sul,RS,-29.0612,-51.7467,São Valentim Do Sul
sao valerio do sul,RS,-27.8061,-53.9112,São Valério Do Sul
sao vendelino,RS,-29.3846,-51.3666,São Vendelino
sao vicente do sul,RS,-29.7002,-54.7868,São Vicente Do Sul
sapiranga,RS,-29.6316,-51.0047,Sapiranga
sapucaia do sul,RS,-29.8167,-51.1513,Sapucaia Do Sul
sarandi,RS,-27.9143,-52.9643,Sarandi
seberi,RS,-27.4919,-53.3725,Seberi
sede nova,RS,-27.6301,-53.9634,Sede Nova
segredo,RS,-29.2959,-52.9196,Segredo
selbach,RS,-28.6822,-52.973,Selbach
senador salgado filho,RS,-28.0276,-54.527,Senador Salgado Filho
sentinela do sul,RS,-30.5941,-51.6095,Sentinela Do Sul
serafina correa,RS,-28.6724,-51.9456,Serafina Corrêa
serio,RS,-29.3941,-52.2391,Sério
sertao,RS,-28.002,-52.3225,Sertão
sertao santana,RS,-30.4566,-51.6639,Sertão Santana
sete de setembro,RS,-28.1353,-54.4658,Sete De Setembro
severiano de almeida,RS,-27.4139,-52.1025,Severiano De Almeida
silveira martins,RS,-29.6403,-53.552,Silveira Martins
sinimbu,RS,-29.4235,-52.5803,Sinimbu
sobradinho,RS,-29.3932,-53.0094,Sobradinho
soledade,RS,-28.8383,-52.5312,Soledade
tabai,RS,-29.666,-51.7389,Tabaí
tapejara,RS,-28.0475,-52.0177,Tapejara
tapera,RS,-28.6695,-52.8722,Tapera
tapes,RS,-30.7142,-51.3784,Tapes
taquara,RS,-29.6577,-50.7723,Taquara
taquari,RS,-29.7285,-51.8226,Taquari
taquarucu do sul,RS,-27.4083,-53.4932,Taquaruçu Do Sul
tavares,RS,-31.2501,-51.0993,Tavares
tenente portela,RS,-27.367,-53.7569,Tenente Portela
terra de areia,RS,-29.5884,-50.026,Terra De Areia
teutonia,RS,-29.467,-51.7447,Teutônia
tio hugo,RS,-28.5718,-52.589,Tio Hugo
tiradentes do sul,RS,-27.3903,-54.1294,Tiradentes Do Sul
toropi,RS,-29.4551,-54.2937,Toropi
torres,RS,-29.3258,-49.7897,Torres
tramandai,RS,-30.0361,-50.2386,Tramandaí
travesseiro,RS,-29.2716,-52.1037,Travesseiro
tres arroios,RS,-27.4945,-52.1796,Três Arroios
tres cachoeiras,RS,-29.4771,-49.9656,Três Cachoeiras
tres coroas,RS,-29.4619,-50.7817,Três Coroas
tres de maio,RS,-27.7266,-54.2447,Três De Maio
tres forquilhas,RS,-29.4138,-50.0679,Três Forquilhas
tres palmeiras,RS,-27.6083,-52.8111,Três Palmeiras
tres passos,RS,-27.4195,-53.9144,Três Passos
trindade do sul,RS,-27.5223,-52.8974,Trindade Do Sul
triunfo,RS,-29.8153,-51.57,Triunfo
tucunduva,RS,-27.6407,-54.4543,Tucunduva
tunas,RS,-29.0952,-52.9012,Tunas
tupanci do sul,RS,-27.9222,-51.5416,Tupanci Do Sul
tupancireta,RS,-29.0167,-54.0178,Tupanciretã
tupandi,RS,-29.4719,-51.4367,Tupandi
tuparendi,RS,-27.6888,-54.5584,Tuparendi
turucu,RS,-31.4883,-52.1608,Turuçu
ubiretama,RS,-28.0355,-54.6592,Ubiretama
uniao da serra,RS,-28.7797,-52.0233,União Da Serra
unistalda,RS,-29.0767,-55.1768,Unistalda
uruguaiana,RS,-29.8392,-56.7326,Uruguaiana
vacaria,RS,-28.3932,-50.9202,Vacaria
vale verde,RS,-29.8418,-52.0891,Vale Verde
vale do sol,RS,-29.5768,-52.7028,Vale Do Sol
vale real,RS,-29.3488,-51.2536,Vale Real
vanini,RS,-28.4946,-51.8139,Vanini
venancio aires,RS,-29.5614,-52.1849,Venâncio Aires
vera cruz,RS,-29.7246,-52.5379,Vera Cruz
veranopolis,RS,-28.9796,-51.5435,Veranópolis
vespasiano correa,RS,-29.0816,-51.8445,Vespasiano Corrêa
viadutos,RS,-27.5716,-51.9864,Viadutos
viamao,RS,-30.2046,-50.8926,Viamão
vicente dutra,RS,-27.158,-53.4003,Vicente Dutra
victor graeff,RS,-28.5593,-52.698,Victor Graeff
vila flores,RS,-28.859,-51.555,Vila Flores
vila langaro,RS,-28.1237,-52.1373,Vila Lângaro
vila maria,RS,-28.5683,-52.151,Vila Maria
vila nova do sul,RS,-30.3456,-53.8565,Vila Nova Do Sul
vista alegre,RS,-27.3081,-53.5187,Vista Alegre
vista alegre do prata,RS,-28.8251,-51.7838,Vista Alegre Do Prata
vista gaucha,RS,-27.2531,-53.6889,Vista Gaúcha
vitoria das missoes,RS,-28.3267,-54.4769,Vitória Das Missões
westfalia,RS,-29.4058,-51.7454,Westfália
xangri-la,RS,-29.8001,-50.0757,Xangri-Lá
agua clara,MS,-19.9761,-52.8775,Água Clara
alcinopolis,MS,-18.1953,-53.7487,Alcinópolis
amambai,MS,-23.1197,-54.9074,Amambai
anastacio,MS,-20.7328,-55.7575,Anastácio
anaurilandia,MS,-22.1205,-52.7948,Anaurilândia
angelica,MS,-22.0143,-53.8732,Angélica
antonio joao,MS,-22.1952,-55.9459,Antônio João
aparecida do taboado,MS,-20.0183,-51.2361,Aparecida Do Taboado
aquidauana,MS,-19.8551,-55.8172,Aquidauana
aral moreira,MS,-22.932,-55.4079,Aral Moreira
bandeirantes,MS,-19.8092,-54.3579,Bandeirantes
bataguassu,MS,-21.7882,-52.585,Bataguassu
bataypora,MS,-22.4387,-53.1677,Batayporã
bela vista,MS,-21.9981,-56.5171,Bela Vista
bodoquena,MS,-20.4824,-56.7052,Bodoquena
bonito,MS,-20.9623,-56.3589,Bonito
brasilandia,MS,-21.1293,-52.3628,Brasilândia
caarapo,MS,-22.584,-54.7955,Caarapó
camapua,MS,-19.2869,-53.8905,Camapuã
campo grande,MS,-20.9451,-54.2748,Campo Grande
caracol,MS,-21.9417,-57.0888,Caracol
cassilandia,MS,-19.0595,-52.1198,Cassilândia
chapadao do sul,MS,-19.029,-52.6833,Chapadão Do Sul
corguinho,MS,-19.7973,-55.0048,Corguinho
coronel sapucaia,MS,-23.3458,-55.4347,Coronel Sapucaia
corumba,MS,-18.6669,-56.9831,Corumbá
costa rica,MS,-18.4747,-53.218,Costa Rica
coxim,MS,-18.2556,-54.7437,Coxim
deodapolis,MS,-22.1257,-54.1835,Deodápolis
dois irmaos do buriti,MS,-20.5229,-55.3788,Dois Irmãos Do Buriti
douradina,MS,-22.0115,-54.5992,Douradina
dourados,MS,-22.1614,-54.7651,Dourados
eldorado,MS,-23.7358,-54.2366,Eldorado
fatima do sul,MS,-22.3281,-54.4383,Fátima Do Sul
figueirao,MS,-18.7352,-53.881,Figueirão
gloria de dourados,MS,-22.4559,-54.1359,Glória De Dourados
guia lopes da laguna,MS,-21.6246,-55.9318,Guia Lopes Da Laguna
iguatemi,MS,-23.4158,-54.524,Iguatemi
inocencia,MS,-19.6514,-52.0179,Inocência
itapora,MS,-21.9766,-54.8679,Itaporã
itaquirai,MS,-23.3172,-54.1255,Itaquiraí
ivinhema,MS,-22.3512,-53.7355,Ivinhema
japora,MS,-23.8224,-54.5335,Japorã
jaraguari,MS,-20.2213,-54.3257,Jaraguari
jardim,MS,-21.6888,-56.2097,Jardim
jatei,MS,-22.7276,-53.878,Jateí
juti,MS,-22.7742,-54.469,Juti
ladario,MS,-19.1082,-57.5784,Ladário
laguna carapa,MS,-22.6959,-55.103,Laguna Carapã
maracaju,MS,-21.4061,-55.5599,Maracaju
miranda,MS,-20.1745,-56.5371,Miranda
mundo novo,MS,-23.9262,-54.2795,Mundo Novo
navirai,MS,-23.0835,-54.0829,Naviraí
nioaque,MS,-21.2007,-55.7721,Nioaque
nova alvorada do sul,MS,-21.495,-54.1706,Nova Alvorada Do Sul
nova andradina,MS,-21.8937,-53.4654,Nova Andradina
novo horizonte do sul,MS,-22.5864,-53.7704,Novo Horizonte Do Sul
paraiso das aguas,MS,-19.2047,-53.1058,Paraíso Das Águas
paranaiba,MS,-19.4931,-51.3919,Paranaíba
paranhos,MS,-23.7272,-55.3598,Paranhos
pedro gomes,MS,-17.8147,-54.1996,Pedro Gomes
ponta pora,MS,-22.0124,-55.7547,Ponta Porã
porto murtinho,MS,-21.2708,-57.4165,Porto Murtinho
ribas do rio pardo,MS,-20.7761,-53.5628,Ribas Do Rio Pardo
rio brilhante,MS,-21.7457,-54.4614,Rio Brilhante
rio negro,MS,-19.4861,-54.9936,Rio Negro
rio verde de mato grosso,MS,-18.7175,-54.9239,Rio Verde De Mato Grosso
rochedo,MS,-19.9865,-54.7227,Rochedo
santa rita do pardo,MS,-21.3614,-52.6847,Santa Rita Do Pardo
sao gabriel do oeste,MS,-19.1494,-54.4431,São Gabriel Do Oeste
sete quedas,MS,-23.8847,-55.0041,Sete Quedas
selviria,MS,-20.3116,-51.7988,Selvíria
sidrolandia,MS,-21.0867,-54.9627,Sidrolândia
sonora,MS,-17.6669,-54.3253,Sonora
tacuru,MS,-23.673,-55.0057,Tacuru
taquarussu,MS,-22.7077,-53.4698,Taquarussu
terenos,MS,-20.4353,-55.0946,Terenos
tres lagoas,MS,-20.4039,-52.1634,Três Lagoas
vicentina,MS,-22.4624,-54.4446,Vicentina
acorizal,MT,-15.1515,-56.3245,Acorizal
agua boa,MT,-14.0754,-52.5172,Água Boa
alta floresta,MT,-10.14,-56.41,Alta Floresta
alto araguaia,MT,-17.4559,-53.4336,Alto Araguaia
alto boa vista,MT,-11.8068,-51.7148,Alto Boa Vista
alto garcas,MT,-16.8255,-53.5109,Alto Garças
alto paraguai,MT,-14.7493,-56.7105,Alto Paraguai
alto taquari,MT,-17.8184,-53.3575,Alto Taquari
apiacas,MT,-8.9211,-57.8084,Apiacás
araguaiana,MT,-15.0992,-51.8085,Araguaiana
araguainha,MT,-16.7658,-53.0969,Araguainha
araputanga,MT,-15.2125,-58.4875,Araputanga
arenapolis,MT,-14.492,-56.8598,Arenápolis
aripuana,MT,-10.1448,-59.7452,Aripuanã
barao de melgaco,MT,-16.8474,-56.1854,Barão De Melgaço
barra do bugres,MT,-15.0399,-57.6216,Barra Do Bugres
barra do garcas,MT,-15.3822,-52.5469,Barra Do Garças
bom jesus do araguaia,MT,-12.2476,-51.7468,Bom Jesus Do Araguaia
brasnorte,MT,-12.0589,-58.0903,Brasnorte
caceres,MT,-16.6182,-57.7611,Cáceres
campinapolis,MT,-14.2579,-53.0795,Campinápolis
campo novo do parecis,MT,-13.5989,-57.9137,Campo Novo Do Parecis
campo verde,MT,-15.5353,-55.1911,Campo Verde
campos de julio,MT,-13.5391,-59.1515,Campos De Júlio
canabrava do norte,MT,-11.1566,-51.8706,Canabrava Do Norte
canarana,MT,-13.1951,-52.4565,Canarana
carlinda,MT,-10.1097,-55.9058,Carlinda
castanheira,MT,-10.8772,-58.6543,Castanheira
chapada dos guimaraes,MT,-15.1853,-55.5895,Chapada Dos Guimarães
claudia,MT,-11.4167,-55.0173,Cláudia
cocalinho,MT,-13.6467,-51.0916,Cocalinho
colider,MT,-10.5791,-55.5061,Colíder
colniza,MT,-9.589,-60.2537,Colniza
comodoro,MT,-13.3035,-59.8324,Comodoro
confresa,MT,-10.3449,-51.7319,Confresa
conquista d'oeste,MT,-14.6162,-59.3274,Conquista D'oeste
cotriguacu,MT,-9.473,-58.7547,Cotriguaçu
cuiaba,MT,-15.4482,-55.8912,Cuiabá
curvelandia,MT,-15.5936,-57.876,Curvelândia
denise,MT,-14.7284,-56.9284,Denise
diamantino,MT,-14.0971,-56.7816,Diamantino
dom aquino,MT,-15.7242,-54.8271,Dom Aquino
feliz natal,MT,-11.8411,-54.0839,Feliz Natal
figueiropolis d'oeste,MT,-15.495,-58.7077,Figueirópolis D'oeste
gaucha do norte,MT,-13.0004,-53.3844,Gaúcha Do Norte
general carneiro,MT,-15.5775,-53.3509,General Carneiro
gloria d'oeste,MT,-15.8776,-58.3041,Glória D'oeste
guaranta do norte,MT,-9.8405,-54.6374,Guarantã Do Norte
guiratinga,MT,-16.346,-53.6065,Guiratinga
indiavai,MT,-15.3304,-58.5937,Indiavaí
ipiranga do norte,MT,-11.9485,-55.9705,Ipiranga Do Norte
itanhanga,MT,-12.1489,-56.7536,Itanhangá
itauba,MT,-11.1049,-55.5648,Itaúba
itiquira,MT,-17.3497,-54.6488,Itiquira
jaciara,MT,-16.0092,-55.2219,Jaciara
jangada,MT,-15.3504,-56.5649,Jangada
jauru,MT,-15.3143,-58.8662,Jauru
juara,MT,-11.169,-57.5761,Juara
juina,MT,-11.3738,-59.4012,Juína
juruena,MT,-10.4612,-58.6709,Juruena
juscimeira,MT,-16.3112,-55.0416,Juscimeira
lambari d'oeste,MT,-15.4377,-57.821,Lambari D'oeste
lucas do rio verde,MT,-13.0108,-56.1383,Lucas Do Rio Verde
luciara,MT,-10.9037,-51.0054,Luciara
vila bela da santissima trindade,MT,-14.9606,-60.0091,Vila Bela Da Santíssima Trindade
marcelandia,MT,-10.9862,-54.0459,Marcelândia
matupa,MT,-10.0208,-54.4231,Matupá
mirassol d'oeste,MT,-15.6361,-58.0156,Mirassol D'oeste
nobres,MT,-14.4227,-55.824,Nobres
nortelandia,MT,-14.3763,-56.718,Nortelândia
nossa senhora do livramento,MT,-15.9403,-56.4824,Nossa Senhora Do Livramento
nova bandeirantes,MT,-9.5921,-58.1244,Nova Bandeirantes
nova nazare,MT,-14.1931,-51.9132,Nova Nazaré
nova lacerda,MT,-14.3299,-59.7963,Nova Lacerda
nova santa helena,MT,-10.9076,-54.8469,Nova Santa Helena
nova brasilandia,MT,-14.7463,-55.1012,Nova Brasilândia
nova canaa do norte,MT,-10.7204,-56.0488,Nova Canaã Do Norte
nova mutum,MT,-13.5874,-56.1952,Nova Mutum
nova olimpia,MT,-14.7808,-57.4453,Nova Olímpia
nova ubirata,MT,-12.8307,-54.5337,Nova Ubiratã
nova xavantina,MT,-14.607,-52.2678,Nova Xavantina
novo mundo,MT,-9.9065,-55.3542,Novo Mundo
novo horizonte do norte,MT,-11.3721,-57.267,Novo Horizonte Do Norte
novo sao joaquim,MT,-15.1182,-53.3223,Novo São Joaquim
paranaita,MT,-9.5771,-56.8339,Paranaíta
paranatinga,MT,-13.4114,-54.1025,Paranatinga
novo santo antonio,MT,-12.3358,-50.8846,Novo Santo Antônio
pedra preta,MT,-16.705,-54.2117,Pedra Preta
peixoto de azevedo,MT,-10.184,-54.0382,Peixoto De Azevedo
planalto da serra,MT,-14.4879,-54.6741,Planalto Da Serra
pocone,MT,-16.9153,-57.0176,Poconé
pontal do araguaia,MT,-15.9504,-52.7351,Pontal Do Araguaia
ponte branca,MT,-16.646,-52.8821,Ponte Branca
pontes e lacerda,MT,-15.443,-59.408,Pontes E Lacerda
porto alegre do norte,MT,-10.8143,-51.7654,Porto Alegre Do Norte
porto dos gauchos,MT,-11.708,-56.8155,Porto Dos Gaúchos
porto esperidiao,MT,-15.9227,-58.9811,Porto Esperidião
porto estrela,MT,-15.5405,-57.2277,Porto Estrela
poxoreu,MT,-15.8242,-54.1479,Poxoréu
primavera do leste,MT,-15.1954,-54.2505,Primavera Do Leste
querencia,MT,-12.1395,-52.6936,Querência
sao jose dos quatro marcos,MT,-15.5119,-58.2989,São José Dos Quatro Marcos
reserva do cabacal,MT,-14.9091,-58.4531,Reserva Do Cabaçal
ribeirao cascalheira,MT,-12.7994,-51.5896,Ribeirão Cascalheira
ribeiraozinho,MT,-16.5114,-52.7229,Ribeirãozinho
rio branco,MT,-15.2646,-58.1755,Rio Branco
santa carmem,MT,-11.9109,-54.8628,Santa Carmem
santo afonso,MT,-14.4423,-57.3925,Santo Afonso
sao jose do povo,MT,-16.4718,-54.2447,São José Do Povo
sao jose do rio claro,MT,-13.5454,-56.7761,São José Do Rio Claro
sao jose do xingu,MT,-10.6257,-52.4928,São José Do Xingu
sao pedro da cipa,MT,-15.9587,-54.7591,São Pedro Da Cipa
rondolandia,MT,-10.223,-60.9963,Rondolândia
rondonopolis,MT,-16.5838,-54.7033,Rondonópolis
rosario oeste,MT,-14.6607,-55.7788,Rosário Oeste
santa cruz do xingu,MT,-10.0922,-52.4618,Santa Cruz Do Xingu
salto do ceu,MT,-15.0409,-58.0919,Salto Do Céu
santa rita do trivelato,MT,-13.7803,-55.254,Santa Rita Do Trivelato
santa terezinha,MT,-10.3679,-50.8242,Santa Terezinha
santo antonio do leste,MT,-14.8096,-53.6403,Santo Antônio Do Leste
santo antonio do leverger,MT,-16.4198,-55.3272,Santo Antônio Do Leverger
sao felix do araguaia,MT,-11.5096,-52.1142,São Félix Do Araguaia
sapezal,MT,-12.9272,-58.6892,Sapezal
serra nova dourada,MT,-12.0492,-51.3326,Serra Nova Dourada
sinop,MT,-11.7181,-55.5491,Sinop
sorriso,MT,-12.6255,-55.7108,Sorriso
tabapora,MT,-11.1309,-56.5995,Tabaporã
tangara da serra,MT,-14.5858,-57.9611,Tangará Da Serra
tapurah,MT,-12.5282,-56.5188,Tapurah
terra nova do norte,MT,-10.5246,-55.0291,Terra Nova Do Norte
tesouro,MT,-15.9582,-53.4894,Tesouro
torixoreu,MT,-16.228,-52.8265,Torixoréu
uniao do sul,MT,-11.492,-54.3392,União Do Sul
vale de sao domingos,MT,-15.1062,-59.004,Vale De São Domingos
varzea grande,MT,-15.5728,-56.2132,Várzea Grande
vera,MT,-12.4323,-55.3727,Vera
vila rica,MT,-10.0521,-51.5376,Vila Rica
nova guarita,MT,-10.2336,-55.3609,Nova Guarita
nova marilandia,MT,-14.294,-57.3448,Nova Marilândia
nova maringa,MT,-12.7298,-57.2366,Nova Maringá
nova monte verde,MT,-9.8918,-57.2609,Nova Monte Verde
abadia de goias,GO,-16.7843,-49.4669,Abadia De Goiás
abadiania,GO,-16.1959,-48.7266,Abadiânia
acreuna,GO,-17.4369,-50.307,Acreúna
adelandia,GO,-16.376,-50.1907,Adelândia
agua fria de goias,GO,-14.8904,-47.8194,Água Fria De Goiás
agua limpa,GO,-18.0963,-48.7922,Água Limpa
aguas lindas de goias,GO,-15.7344,-48.2734,Águas Lindas De Goiás
alexania,GO,-16.0867,-48.4835,Alexânia
aloandia,GO,-17.69,-49.4507,Aloândia
alto horizonte,GO,-14.1801,-49.4292,Alto Horizonte
alto paraiso de goias,GO,-14.162,-47.446,Alto Paraíso De Goiás
alvorada do norte,GO,-14.5198,-46.6806,Alvorada Do Norte
amaralina,GO,-13.8373,-49.6557,Amaralina
americano do brasil,GO,-16.272,-50.0088,Americano Do Brasil
amorinopolis,GO,-16.6454,-51.1077,Amorinópolis
anapolis,GO,-16.2832,-49.021,Anápolis
anhanguera,GO,-18.3082,-48.2304,Anhanguera
anicuns,GO,-16.3751,-49.9668,Anicuns
aparecida de goiania,GO,-16.8274,-49.2387,Aparecida De Goiânia
aparecida do rio doce,GO,-18.2132,-51.2509,Aparecida Do Rio Doce
apore,GO,-18.7785,-52.0718,Aporé
aracu,GO,-16.3648,-49.7099,Araçu
aragarcas,GO,-15.9128,-52.0622,Aragarças
aragoiania,GO,-16.9313,-49.4312,Aragoiânia
araguapaz,GO,-15.1287,-50.428,Araguapaz
arenopolis,GO,-16.2934,-51.611,Arenópolis
aruana,GO,-14.7604,-50.9392,Aruanã
aurilandia,GO,-16.6695,-50.5369,Aurilândia
avelinopolis,GO,-16.4864,-49.7845,Avelinópolis
baliza,GO,-16.3586,-52.457,Baliza
barro alto,GO,-14.8687,-48.8573,Barro Alto
bela vista de goias,GO,-16.9364,-48.936,Bela Vista De Goiás
bom jardim de goias,GO,-16.2429,-52.0861,Bom Jardim De Goiás
bom jesus de goias,GO,-18.1799,-49.8621,Bom Jesus De Goiás
bonfinopolis,GO,-16.6007,-48.9949,Bonfinópolis
bonopolis,GO,-13.5767,-49.9368,Bonópolis
brazabrantes,GO,-16.365,-49.3662,Brazabrantes
britania,GO,-15.2027,-51.1819,Britânia
buriti alegre,GO,-18.1325,-48.9728,Buriti Alegre
buriti de goias,GO,-16.1744,-50.4509,Buriti De Goiás
buritinopolis,GO,-14.4166,-46.3117,Buritinópolis
cabeceiras,GO,-15.7241,-47.02,Cabeceiras
cachoeira alta,GO,-18.5138,-50.9733,Cachoeira Alta
cachoeira de goias,GO,-16.7207,-50.6909,Cachoeira De Goiás
cachoeira dourada,GO,-18.5045,-49.6382,Cachoeira Dourada
cacu,GO,-18.8062,-51.0493,Caçu
caiaponia,GO,-16.9919,-51.8003,Caiapônia
caldas novas,GO,-17.7129,-48.6268,Caldas Novas
caldazinha,GO,-16.7307,-48.9533,Caldazinha
campestre de goias,GO,-16.7831,-49.6874,Campestre De Goiás
campinacu,GO,-13.8718,-48.5667,Campinaçu
campinorte,GO,-13.9486,-48.9183,Campinorte
campo alegre de goias,GO,-17.6158,-47.7515,Campo Alegre De Goiás
campo limpo de goias,GO,-16.2887,-49.0934,Campo Limpo De Goiás
campos belos,GO,-12.9826,-46.4633,Campos Belos
campos verdes,GO,-14.1878,-49.6651,Campos Verdes
carmo do rio verde,GO,-15.427,-49.7475,Carmo Do Rio Verde
castelandia,GO,-18.1514,-50.3517,Castelândia
catalao,GO,-17.9674,-47.7061,Catalão
caturai,GO,-16.4541,-49.5927,Caturaí
cavalcante,GO,-13.5999,-47.7791,Cavalcante
ceres,GO,-15.2696,-49.6278,Ceres
cezarina,GO,-17.1016,-49.7374,Cezarina
chapadao do ceu,GO,-18.4783,-52.5798,Chapadão Do Céu
cidade ocidental,GO,-16.1401,-47.7993,Cidade Ocidental
cocalzinho de goias,GO,-15.6381,-48.6139,Cocalzinho De Goiás
colinas do sul,GO,-13.9932,-48.0528,Colinas Do Sul
corrego do ouro,GO,-16.3774,-50.5734,Córrego Do Ouro
corumba de goias,GO,-15.9023,-48.6748,Corumbá De Goiás
corumbaiba,GO,-18.1737,-48.5585,Corumbaíba
cristalina,GO,-16.7679,-47.4426,Cristalina
cristianopolis,GO,-17.2125,-48.7132,Cristianópolis
crixas,GO,-14.6445,-50.0156,Crixás
crominia,GO,-17.2405,-49.3436,Cromínia
cumari,GO,-18.3131,-48.1829,Cumari
damianopolis,GO,-14.5543,-46.1735,Damianópolis
damolandia,GO,-16.2608,-49.3388,Damolândia
davinopolis,GO,-18.1369,-47.5786,Davinópolis
diorama,GO,-16.1992,-51.385,Diorama
doverlandia,GO,-16.7872,-52.5263,Doverlândia
edealina,GO,-17.44,-49.7338,Edealina
edeia,GO,-17.5546,-49.9975,Edéia
estrela do norte,GO,-13.7906,-49.0829,Estrela Do Norte
faina,GO,-15.4297,-50.3938,Faina
fazenda nova,GO,-16.1295,-50.908,Fazenda Nova
firminopolis,GO,-16.644,-50.3206,Firminópolis
flores de goias,GO,-14.5452,-46.9305,Flores De Goiás
formosa,GO,-15.2147,-47.2034,Formosa
formoso,GO,-13.7264,-48.886,Formoso
gameleira de goias,GO,-16.4136,-48.6698,Gameleira De Goiás
divinopolis de goias,GO,-13.2258,-46.5405,Divinópolis De Goiás
goianapolis,GO,-16.5229,-49.066,Goianápolis
goiandira,GO,-18.1005,-48.1661,Goiandira
goianesia,GO,-15.3068,-49.1604,Goianésia
goiania,GO,-16.6491,-49.2527,Goiânia
goianira,GO,-16.4972,-49.453,Goianira
goias,GO,-15.804,-50.3021,Goiás
goiatuba,GO,-18.0141,-49.7158,Goiatuba
gouvelandia,GO,-18.4948,-50.1749,Gouvelândia
guapo,GO,-16.9129,-49.5893,Guapó
guaraita,GO,-15.6778,-50.0648,Guaraíta
guarani de goias,GO,-13.8811,-46.4096,Guarani De Goiás
guarinos,GO,-14.6632,-49.7499,Guarinos
heitorai,GO,-15.7358,-49.8363,Heitoraí
hidrolandia,GO,-17.02,-49.2594,Hidrolândia
hidrolina,GO,-14.736,-49.3354,Hidrolina
iaciara,GO,-14.0982,-46.7524,Iaciara
inaciolandia,GO,-18.5032,-49.9186,Inaciolândia
indiara,GO,-17.2063,-49.9523,Indiara
inhumas,GO,-16.321,-49.5282,Inhumas
ipameri,GO,-17.4931,-48.0728,Ipameri
ipiranga de goias,GO,-15.1415,-49.6423,Ipiranga De Goiás
ipora,GO,-16.4581,-51.1556,Iporá
israelandia,GO,-16.3519,-50.8757,Israelândia
itaberai,GO,-16.1352,-49.803,Itaberaí
itaguari,GO,-15.9276,-49.6327,Itaguari
itaguaru,GO,-15.7721,-49.6182,Itaguaru
itaja,GO,-19.1188,-51.2277,Itajá
itapaci,GO,-14.9217,-49.6703,Itapaci
itapirapua,GO,-15.6949,-50.7513,Itapirapuã
itapuranga,GO,-15.5738,-49.919,Itapuranga
itaruma,GO,-18.9249,-51.2359,Itarumã
itaucu,GO,-16.2014,-49.5979,Itauçu
itumbiara,GO,-18.3554,-49.4672,Itumbiara
ivolandia,GO,-16.6333,-51.0932,Ivolândia
jandaia,GO,-17.1408,-50.1999,Jandaia
jaragua,GO,-15.689,-49.401,Jaraguá
jatai,GO,-17.8611,-51.7713,Jataí
jaupaci,GO,-16.1703,-51.0799,Jaupaci
jesupolis,GO,-15.9591,-49.3998,Jesúpolis
joviania,GO,-17.7906,-49.5835,Joviânia
jussara,GO,-15.6251,-51.3221,Jussara
lagoa santa,GO,-19.1862,-51.3068,Lagoa Santa
leopoldo de bulhoes,GO,-16.5942,-48.894,Leopoldo De Bulhões
luziania,GO,-16.49,-47.9912,Luziânia
mairipotaba,GO,-17.2912,-49.4534,Mairipotaba
mambai,GO,-14.4417,-46.0522,Mambaí
mara rosa,GO,-14.0081,-49.4049,Mara Rosa
marzagao,GO,-17.9814,-48.6895,Marzagão
matrincha,GO,-15.3503,-50.7936,Matrinchã
maurilandia,GO,-18.0319,-50.3452,Maurilândia
mimoso de goias,GO,-15.0259,-48.3507,Mimoso De Goiás
minacu,GO,-13.4624,-48.3668,Minaçu
mineiros,GO,-17.504,-52.7115,Mineiros
moipora,GO,-16.4958,-50.7683,Moiporá
monte alegre de goias,GO,-13.294,-46.9331,Monte Alegre De Goiás
montes claros de goias,GO,-15.8823,-51.5806,Montes Claros De Goiás
montividiu,GO,-17.2528,-51.1776,Montividiu
montividiu do norte,GO,-13.0808,-48.7727,Montividiu Do Norte
morrinhos,GO,-17.7929,-49.1429,Morrinhos
morro agudo de goias,GO,-15.3169,-50.0362,Morro Agudo De Goiás
mossamedes,GO,-16.1683,-50.1562,Mossâmedes
mozarlandia,GO,-14.7819,-50.5931,Mozarlândia
mundo novo,GO,-13.7084,-50.2276,Mundo Novo
mutunopolis,GO,-13.7058,-49.3138,Mutunópolis
nazario,GO,-16.5911,-49.8584,Nazário
neropolis,GO,-16.4201,-49.2024,Nerópolis
niquelandia,GO,-14.5135,-48.5194,Niquelândia
nova america,GO,-15.0364,-49.9193,Nova América
nova aurora,GO,-18.086,-48.2782,Nova Aurora
nova crixas,GO,-14.1024,-50.5803,Nova Crixás
nova gloria,GO,-15.0812,-49.4908,Nova Glória
nova iguacu de goias,GO,-14.3145,-49.3047,Nova Iguaçu De Goiás
nova roma,GO,-13.793,-46.9814,Nova Roma
nova veneza,GO,-16.3438,-49.3106,Nova Veneza
novo brasil,GO,-16.0441,-50.648,Novo Brasil
novo gama,GO,-16.1059,-48.0665,Novo Gama
novo planalto,GO,-13.3363,-49.7562,Novo Planalto
orizona,GO,-17.0209,-48.1767,Orizona
ouro verde de goias,GO,-16.2417,-49.2327,Ouro Verde De Goiás
ouvidor,GO,-18.2123,-47.6943,Ouvidor
padre bernardo,GO,-15.3438,-48.3585,Padre Bernardo
palestina de goias,GO,-16.6983,-51.4523,Palestina De Goiás
palmeiras de goias,GO,-16.8506,-49.9314,Palmeiras De Goiás
palmelo,GO,-17.3049,-48.3971,Palmelo
palminopolis,GO,-16.8167,-50.1859,Palminópolis
panama,GO,-18.1778,-49.4481,Panamá
paranaiguara,GO,-18.7854,-50.5826,Paranaiguara
parauna,GO,-17.0949,-50.595,Paraúna
perolandia,GO,-17.4928,-52.2057,Perolândia
petrolina de goias,GO,-16.1097,-49.2926,Petrolina De Goiás
pilar de goias,GO,-14.5663,-49.5073,Pilar De Goiás
piracanjuba,GO,-17.3399,-49.0041,Piracanjuba
piranhas,GO,-16.3945,-51.823,Piranhas
pirenopolis,GO,-15.7911,-48.9895,Pirenópolis
pires do rio,GO,-17.3697,-48.3703,Pires Do Rio
planaltina,GO,-15.2453,-47.7998,Planaltina
pontalina,GO,-17.5182,-49.5352,Pontalina
porangatu,GO,-13.3108,-49.2321,Porangatu
porteirao,GO,-17.9017,-50.1693,Porteirão
portelandia,GO,-17.3522,-52.7096,Portelândia
posse,GO,-14.252,-46.4454,Posse
professor jamil,GO,-17.2687,-49.2487,Professor Jamil
quirinopolis,GO,-18.4284,-50.4976,Quirinópolis
rialma,GO,-15.331,-49.5422,Rialma
rianapolis,GO,-15.4737,-49.4393,Rianápolis
rio quente,GO,-17.8177,-48.7968,Rio Quente
rio verde,GO,-17.6884,-50.9877,Rio Verde
rubiataba,GO,-15.1861,-49.8704,Rubiataba
sanclerlandia,GO,-16.3208,-50.4176,Sanclerlândia
santa barbara de goias,GO,-16.5861,-49.6745,Santa Bárbara De Goiás
santa cruz de goias,GO,-17.3785,-48.5533,Santa Cruz De Goiás
santa fe de goias,GO,-15.6562,-51.191,Santa Fé De Goiás
santa helena de goias,GO,-17.8068,-50.5304,Santa Helena De Goiás
santa isabel,GO,-15.2599,-49.3867,Santa Isabel
santa rita do araguaia,GO,-17.1949,-53.0533,Santa Rita Do Araguaia
santa rita do novo destino,GO,-14.7832,-49.0521,Santa Rita Do Novo Destino
santa rosa de goias,GO,-16.0526,-49.4893,Santa Rosa De Goiás
santa tereza de goias,GO,-13.5504,-48.984,Santa Tereza De Goiás
santa terezinha de goias,GO,-14.2627,-49.7389,Santa Terezinha De Goiás
santo antonio da barra,GO,-17.4862,-50.6058,Santo Antônio Da Barra
santo antonio de goias,GO,-16.4698,-49.3025,Santo Antônio De Goiás
santo antonio do descoberto,GO,-16.0644,-48.2826,Santo Antônio Do Descoberto
sao domingos,GO,-13.5051,-46.4825,São Domingos
sao francisco de goias,GO,-15.9401,-49.2642,São Francisco De Goiás
sao joao d'alianca,GO,-14.4453,-47.4048,São João D'aliança
sao joao da parauna,GO,-16.7993,-50.3554,São João Da Paraúna
sao luis de montes belos,GO,-16.4468,-50.3875,São Luís De Montes Belos
sao luiz do norte,GO,-14.8898,-49.271,São Luiz Do Norte
sao miguel do araguaia,GO,-12.9498,-50.3069,São Miguel Do Araguaia
sao miguel do passa quatro,GO,-16.9817,-48.6851,São Miguel Do Passa Quatro
sao patricio,GO,-15.3574,-49.8247,São Patrício
sao simao,GO,-18.9897,-50.5856,São Simão
senador canedo,GO,-16.7231,-49.1185,Senador Canedo
serranopolis,GO,-18.2326,-52.1435,Serranópolis
silvania,GO,-16.5826,-48.6188,Silvânia
simolandia,GO,-14.4325,-46.6022,Simolândia
sitio d'abadia,GO,-14.7921,-46.3375,Sítio D'abadia
taquaral de goias,GO,-16.0463,-49.6011,Taquaral De Goiás
teresina de goias,GO,-13.7006,-47.2455,Teresina De Goiás
terezopolis de goias,GO,-16.4304,-49.0602,Terezópolis De Goiás
tres ranchos,GO,-18.3712,-47.7781,Três Ranchos
trindade,GO,-16.6429,-49.5537,Trindade
trombas,GO,-13.3979,-48.7628,Trombas
turvania,GO,-16.5433,-50.1433,Turvânia
turvelandia,GO,-17.7895,-50.2963,Turvelândia
uirapuru,GO,-14.1232,-49.8975,Uirapuru
uruacu,GO,-14.44,-49.0903,Uruaçu
uruana,GO,-15.5838,-49.6478,Uruana
urutai,GO,-17.4172,-48.191,Urutaí
valparaiso de goias,GO,-16.0829,-47.9949,Valparaíso De Goiás
varjao,GO,-17.0681,-49.635,Varjão
vianopolis,GO,-16.8337,-48.4348,Vianópolis
vicentinopolis,GO,-17.722,-49.9183,Vicentinópolis
vila boa,GO,-14.9828,-47.0636,Vila Boa
vila propicio,GO,-15.2227,-48.7803,Vila Propício
brasilia,DF,-15.7633,-47.8215,Brasília
